url,api,type,boot,logo,urls,user-agent,pass,timeout,core,ua,epg,catchup,playertype,ext,name
https://livetv.wqwqwq.sbs/tv.m3u,,0,,https://live.fanmingming.com/tv/{name}.png,,,,,,,,,1,,å¤®å«
https://github.moeyy.xyz/https://raw.githubusercontent.com/wwb521/live/main/tv.m3u,,0,,,,,,,,,,,1,,V4èšåˆï¼ˆå¡é¡¿è¯·æŒ‰å·¦â”ƒå³é”®æ¢çº¿ï¼‰
https://live.fanmingming.com/tv/m3u/ipv6.m3u,,0,,https://live.fanmingming.com/tv/{name}.png,,,,,,,,,1,,IPV6
https://tv.iill.top/m3u/Live,,0,,,,,,,,okhttp/3.15,,,2,,å¹³å°ç›´æ’­
http://rihou.cc:555/gggg.nzk,,0,True,https://epg.112114.eu.org/logo/{name}.png,,,,,"{'auth': 'local://tvbus', 'name': '123', 'pass': '345', 'resp': '{""result_code"":""0"",""result"":""ok"",""keys"":{""user_id"":""0027000005f5c398"",""peer_id"":""0ec044591d9e1418"",""session_key"":""0a49662f37674af5""}}', 'so': 'http://rihou.cc:555/tvbus.so', 'pkg': 'com.svc.vlive.home.ytv9x', 'sign': '308203533082023ba00302010202042108f284300d06092a864886f70d01010b05003059310c300a0603550406130378797a310d300b060355040813047a7a7979310d300b0603550407130479787978310d300b060355040a130478797879310d300b060355040b130479797878310d300b06035504031304787879793020170d3139303332363038333233305a180f32313139303330323038333233305a3059310c300a0603550406130378797a310d300b060355040813047a7a7979310d300b0603550407130479787978310d300b060355040a130478797879310d300b060355040b130479797878310d300b060355040313047878797930820122300d06092a864886f70d01010105000382010f003082010a0282010100bb3298eb5910860b7ae30b6b874ca374667133fd08cbf42bb52d5c1a49e0fe4818fc768f5155a95eacc465d8649467c40ce632081297fb66c6838534ee4221e3d2b6b56060fdde5569e37465852f9daa3a987bff4f013981c9ff063b7e0ca7d52ccacfeddbe066bcc29780d78e929ad9dacc3b804f51c9eb0548aac4803b0d32764135d6d8d987381adea6d5ec34966aebdec717c95e064e203a3ba6d10bf8336eae43a01ca42406055c62312c6ed057afb386cd12b0b54ac1611e6e1fef8e71c8da0597a43f542e645f54e614c2603b58ce3690e69e0da24e944eecacdcf6faa2043ccce1f15860432527b706269510cd6bd8314999fa870fb8825a1e1805070203010001a321301f301d0603551d0e041604149fcb5d4d1dd5743459052b9ab79539ebc8924570300d06092a864886f70d01010b05000382010100658ddae3d7833e5b7cbf504cc016deda2cee97cb2b0bbdb889d06f19860389904ffcdf0f21966299d4c0e19d109065bdd769977f1a67d4928fecdee48eb3c7ce5fb4009653510b9897bdc66aa54a29930ed5c27cbd3a75c4362944afa4625a7c7f0d3e77bcaf8f23d9233ad9c83d33305c88f6110f6d50de9eec1c47135fff99826bc79c88355f99d41c00eb54a7292c44a340fb78d3ac1acf39ad0d13bccc2fdf69e1d86504ae4087a4b59a662986a4e03c0b379f92dce5c8c9da54e164f9480c8a9fed01bcc562640b78adaaa5adcfda0e03a477ea63ec136819298e55f428f74076c1b444556001b84cbd5d47b080b6aeb5f1a567c03ea6a64a9c2876e3b2'}",A1582,https://epg.112114.eu.org/?ch={name}&date={date},,1,,å†…ç½®ç›´æ’­
http://rihou.cc:555/gggg.nzk,,0,True,https://epg.112114.eu.org/logo/{name}.png,,,,,"{'auth': 'local://tvbus', 'name': '123', 'pass': '345', 'resp': '{""result_code"":""0"",""result"":""ok"",""keys"":{""user_id"":""0027000005f5c398"",""peer_id"":""0ec044591d9e1418"",""session_key"":""0a49662f37674af5""}}', 'so': 'http://rihou.cc:555/tvbus.so', 'pkg': 'com.svc.vlive.home.ytv9x', 'sign': '308203533082023ba00302010202042108f284300d06092a864886f70d01010b05003059310c300a0603550406130378797a310d300b060355040813047a7a7979310d300b0603550407130479787978310d300b060355040a130478797879310d300b060355040b130479797878310d300b06035504031304787879793020170d3139303332363038333233305a180f32313139303330323038333233305a3059310c300a0603550406130378797a310d300b060355040813047a7a7979310d300b0603550407130479787978310d300b060355040a130478797879310d300b060355040b130479797878310d300b060355040313047878797930820122300d06092a864886f70d01010105000382010f003082010a0282010100bb3298eb5910860b7ae30b6b874ca374667133fd08cbf42bb52d5c1a49e0fe4818fc768f5155a95eacc465d8649467c40ce632081297fb66c6838534ee4221e3d2b6b56060fdde5569e37465852f9daa3a987bff4f013981c9ff063b7e0ca7d52ccacfeddbe066bcc29780d78e929ad9dacc3b804f51c9eb0548aac4803b0d32764135d6d8d987381adea6d5ec34966aebdec717c95e064e203a3ba6d10bf8336eae43a01ca42406055c62312c6ed057afb386cd12b0b54ac1611e6e1fef8e71c8da0597a43f542e645f54e614c2603b58ce3690e69e0da24e944eecacdcf6faa2043ccce1f15860432527b706269510cd6bd8314999fa870fb8825a1e1805070203010001a321301f301d0603551d0e041604149fcb5d4d1dd5743459052b9ab79539ebc8924570300d06092a864886f70d01010b05000382010100658ddae3d7833e5b7cbf504cc016deda2cee97cb2b0bbdb889d06f19860389904ffcdf0f21966299d4c0e19d109065bdd769977f1a67d4928fecdee48eb3c7ce5fb4009653510b9897bdc66aa54a29930ed5c27cbd3a75c4362944afa4625a7c7f0d3e77bcaf8f23d9233ad9c83d33305c88f6110f6d50de9eec1c47135fff99826bc79c88355f99d41c00eb54a7292c44a340fb78d3ac1acf39ad0d13bccc2fdf69e1d86504ae4087a4b59a662986a4e03c0b379f92dce5c8c9da54e164f9480c8a9fed01bcc562640b78adaaa5adcfda0e03a477ea63ec136819298e55f428f74076c1b444556001b84cbd5d47b080b6aeb5f1a567c03ea6a64a9c2876e3b2'}",A1582,https://epg.112114.eu.org/?ch={name}&date={date},,2,,å†…ç½®EXO
http://rihou.cc:555/ggg.nzk,,0,True,,,,,,,judy/5.2.1,,,2,,å†…ç½®ç‰¹åŒº
http://rihou.cc:555/ggggg.nzk,,0,True,https://epg.112114.eu.org/logo/{name}.png,,,,,,mitv,https://epg.112114.eu.org/?ch={name}&date={date},,2,,å†…ç½®æµ‹è¯•
http://tv.iill.top/m3u/Gather,,0,,,,,,20,,okhttp/3.8.1,,,1,,å¤–ç½®ç»¼åˆ
http://tv.iill.top/m3u/Live,,0,,,,,,20,,okhttp/3.8.1,,,1,,å¤–ç½®ç»¼ç›´
https://smart.pendy.dpdns.org/m3u/MytvSuper.m3u,,,,,,,,,,judy/5.2.1,,,,,å¤–ç½®ç‰¹åˆ
http://tv.iill.top/m3u/MyTV,,0,,,,,,20,,okhttp/3.8.1,,,1,,å¤–ç½®ç‰¹ç›´
https://tv.iill.top/m3u/Sport,,0,,,,,,20,,okhttp/3.8.1,,,1,,å¤–ç½®ä½“ç›´
https://smart.pendy.dpdns.org/m3u/judy.m3u,,,,,,,,,,judy/5.2.1,,,,,å’ªå’•ä½“è‚²
,http://rihou.cc:555/æµ·æ˜Ÿä½“è‚².py,3,,,,,,,,,,,,[],æµ·æ˜Ÿä½“è‚²
,http://framagit.org/knnnn/n/-/raw/main/j/yoozb.py,3,,,,,,,,,,,,[],é«˜æ¸…ä½“è‚²
,https://json.doube.eu.org/python/live_smt.py,3,,,,,,,,,,,,[],é«˜æ¸…ç›´æ’­
http://web9916.w.computerqwq.cf/kqt.php?å…¬ä¼—å·ã€åŒ»å·¥å­¦ä¹ æ—¥å¿—ã€‘,,0,True,https://epg.112114.eu.org/logo/{name}.png,,,,,,okhttp/3.15,https://epg.112114.eu.org/?ch={name}&date={date},,2,,ç›´æ’­ä½“è‚²
http://rihou.cc:555/20250413.txt,,,,,,,,,"{'auth': 'local://tvbus', 'name': '123', 'pass': '345', 'resp': '{""result_code"":""0"",""result"":""ok"",""keys"":{""user_id"":""0027000005f5c398"",""peer_id"":""0ec044591d9e1418"",""session_key"":""0a49662f37674af5""}}', 'so': 'http://rihou.cc:555/tvbus.so', 'pkg': 'com.svc.vlive.home.ytv9x', 'sign': '308203533082023ba00302010202042108f284300d06092a864886f70d01010b05003059310c300a0603550406130378797a310d300b060355040813047a7a7979310d300b0603550407130479787978310d300b060355040a130478797879310d300b060355040b130479797878310d300b06035504031304787879793020170d3139303332363038333233305a180f32313139303330323038333233305a3059310c300a0603550406130378797a310d300b060355040813047a7a7979310d300b0603550407130479787978310d300b060355040a130478797879310d300b060355040b130479797878310d300b060355040313047878797930820122300d06092a864886f70d01010105000382010f003082010a0282010100bb3298eb5910860b7ae30b6b874ca374667133fd08cbf42bb52d5c1a49e0fe4818fc768f5155a95eacc465d8649467c40ce632081297fb66c6838534ee4221e3d2b6b56060fdde5569e37465852f9daa3a987bff4f013981c9ff063b7e0ca7d52ccacfeddbe066bcc29780d78e929ad9dacc3b804f51c9eb0548aac4803b0d32764135d6d8d987381adea6d5ec34966aebdec717c95e064e203a3ba6d10bf8336eae43a01ca42406055c62312c6ed057afb386cd12b0b54ac1611e6e1fef8e71c8da0597a43f542e645f54e614c2603b58ce3690e69e0da24e944eecacdcf6faa2043ccce1f15860432527b706269510cd6bd8314999fa870fb8825a1e1805070203010001a321301f301d0603551d0e041604149fcb5d4d1dd5743459052b9ab79539ebc8924570300d06092a864886f70d01010b05000382010100658ddae3d7833e5b7cbf504cc016deda2cee97cb2b0bbdb889d06f19860389904ffcdf0f21966299d4c0e19d109065bdd769977f1a67d4928fecdee48eb3c7ce5fb4009653510b9897bdc66aa54a29930ed5c27cbd3a75c4362944afa4625a7c7f0d3e77bcaf8f23d9233ad9c83d33305c88f6110f6d50de9eec1c47135fff99826bc79c88355f99d41c00eb54a7292c44a340fb78d3ac1acf39ad0d13bccc2fdf69e1d86504ae4087a4b59a662986a4e03c0b379f92dce5c8c9da54e164f9480c8a9fed01bcc562640b78adaaa5adcfda0e03a477ea63ec136819298e55f428f74076c1b444556001b84cbd5d47b080b6aeb5f1a567c03ea6a64a9c2876e3b2'}",,,,,,å¤–ç½®é¢‘æµ‹
https://tang.hz.cz/so/xiaoyun.m3u,,,,,,,,,"{'auth': 'local://tvbus', 'name': '123', 'pass': '345', 'resp': '{""result_code"":""0"",""result"":""ok"",""keys"":{""user_id"":""0027000005f5c398"",""peer_id"":""0ec044591d9e1418"",""session_key"":""0a49662f37674af5""}}', 'so': 'https://tang.hz.cz/so/xy.so', 'pkg': 'com.svc.vlive.home.ytv9x', 'sign': '308203533082023ba00302010202042108f284300d06092a864886f70d01010b05003059310c300a0603550406130378797a310d300b060355040813047a7a7979310d300b0603550407130479787978310d300b060355040a130478797879310d300b060355040b130479797878310d300b06035504031304787879793020170d3139303332363038333233305a180f32313139303330323038333233305a3059310c300a0603550406130378797a310d300b060355040813047a7a7979310d300b0603550407130479787978310d300b060355040a130478797879310d300b060355040b130479797878310d300b060355040313047878797930820122300d06092a864886f70d01010105000382010f003082010a0282010100bb3298eb5910860b7ae30b6b874ca374667133fd08cbf42bb52d5c1a49e0fe4818fc768f5155a95eacc465d8649467c40ce632081297fb66c6838534ee4221e3d2b6b56060fdde5569e37465852f9daa3a987bff4f013981c9ff063b7e0ca7d52ccacfeddbe066bcc29780d78e929ad9dacc3b804f51c9eb0548aac4803b0d32764135d6d8d987381adea6d5ec34966aebdec717c95e064e203a3ba6d10bf8336eae43a01ca42406055c62312c6ed057afb386cd12b0b54ac1611e6e1fef8e71c8da0597a43f542e645f54e614c2603b58ce3690e69e0da24e944eecacdcf6faa2043ccce1f15860432527b706269510cd6bd8314999fa870fb8825a1e1805070203010001a321301f301d0603551d0e041604149fcb5d4d1dd5743459052b9ab79539ebc8924570300d06092a864886f70d01010b05000382010100658ddae3d7833e5b7cbf504cc016deda2cee97cb2b0bbdb889d06f19860389904ffcdf0f21966299d4c0e19d109065bdd769977f1a67d4928fecdee48eb3c7ce5fb4009653510b9897bdc66aa54a29930ed5c27cbd3a75c4362944afa4625a7c7f0d3e77bcaf8f23d9233ad9c83d33305c88f6110f6d50de9eec1c47135fff99826bc79c88355f99d41c00eb54a7292c44a340fb78d3ac1acf39ad0d13bccc2fdf69e1d86504ae4087a4b59a662986a4e03c0b379f92dce5c8c9da54e164f9480c8a9fed01bcc562640b78adaaa5adcfda0e03a477ea63ec136819298e55f428f74076c1b444556001b84cbd5d47b080b6aeb5f1a567c03ea6a64a9c2876e3b2'}",,,,,,å¤–ç½®å°äº‘
https://smart.pendy.dpdns.org/m3u/merged_judy.m3u,,0,True,https://epg.112114.eu.org/logo/{name}.png,,,,,,mitv,https://epg.112114.eu.org/?ch={name}&date={date},,2,,å¤–ç½®ç‰¹è¯•
https://gh-proxy.com/raw.githubusercontent.com/sln654360/itv/refs/heads/main/itv.txt,,0,,https://live.fanmingming.cn/tv/{name}.png,,,,,,okhttp/3.15,https://iptv.crestekk.cn/epgphp/?ch={name}&date={date},"{'type': 'append', 'source': ""?livemode=4&starttime=${(b)yyyyMMdd'T'HHmm}00.00Z&endtime=${(e)yyyyMMdd'T'HHmm}00.00Z""}",,,å¤–ç½®æµ‹è¯•
https://raw.githubusercontent.com/gaotianliuyun/gao/master/list.txt,,0,,https://epg.112114.xyz/logo/{name}.png,,,,,,,http://epg.112114.xyz/?ch={name}&date={date},,2,,åˆç§‹è¯­
https://github.moeyy.xyz/https://raw.githubusercontent.com/dxawi/0/main/tvlive.txt,,0,,https://epg.112114.xyz/logo/{name}.png,,,,,,,http://epg.112114.xyz/?ch={name}&date={date},,1,,Ray
http://meowtv.top/zb,,0,,https://epg.112114.xyz/logo/{name}.png,,,,,,okhttp/3.15,http://epg.112114.xyz/?ch={name}&date={date},,1,,ç›´æ’­
http://127.0.0.1:10079/p/0/proxy/https://fanmingming.com/txt?url=https://live.fanmingming.com/tv/m3u/ipv6.m3u,,0,,http://127.0.0.1:10079/p/0/proxy/https://epg.112114.xyz/logo/{name}.png,,,,,,okhttp/3.15,http://127.0.0.1:10079/p/0/proxy/http://epg.112114.xyz/?ch={name}&date={date},,1,,live.ipv6
http://127.0.0.1:10079/p/0/proxy/https://live.fanmingming.com/tv/m3u/ipv6.m3u,,0,,http://127.0.0.1:10079/p/0/proxy/https://epg.112114.xyz/logo/{name}.png,,,,,,okhttp/3.15,http://127.0.0.1:10079/p/0/proxy/http://epg.112114.xyz/?ch={name}&date={date},,1,,live.ipv6.m3u
https://raw.githubusercontent.com/leevi0709/one/main/lib/live.ipv6.txt,,0,,http://127.0.0.1:10079/p/0/proxy/https://epg.112114.xyz/logo/{name}.png,,,,,,okhttp/3.15,http://127.0.0.1:10079/p/0/proxy/http://epg.112114.xyz/?ch={name}&date={date},,1,,live.ipv6.local
http://127.0.0.1:10079/p/0/proxy/https://raw.githubusercontent.com/dxawi/0/main/tvlive.txt,,0,,http://127.0.0.1:10079/p/0/proxy/https://epg.112114.xyz/logo/{name}.png,,,,,,okhttp/3.15,http://127.0.0.1:10079/p/0/proxy/http://epg.112114.xyz/?ch={name}&date={date},,1,,live.fan
https://raw.githubusercontent.com/leevi0709/one/main/lib/yo21.txt,,0,,,,,,,,,,,1,,YTLive
https://agit.ai/Yoursmile7/TVBox/raw/branch/master/live.txt,,0,,http://127.0.0.1:10079/p/0/proxy/https://epg.112114.xyz/logo/{name}.png,,,,,,,http://127.0.0.1:10079/p/0/proxy/https://epg.112114.xyz/?ch={name}&date={date},,1,,ç›´æ’­
https://raw.githubusercontent.com/leevi0709/one/main/lib/live.txt,,0,,http://127.0.0.1:10079/p/0/proxy/https://epg.112114.xyz/logo/{name}.png,,,,,,"Mozilla/5.0(WindowsNT10.0;Win64;x64)AppleWebKit/537.36(KHTML,likeGecko)Chrome/108.0.0.0Safari/537.36",http://127.0.0.1:10079/p/0/proxy/https://epg.112114.xyz/?ch={name}&date={date},,1,,TXT
http://127.0.0.1:10079/p/0/proxy/https://raw.githubusercontent.com/FongMi/CatVodSpider/main/json/live.json,,1,,http://127.0.0.1:10079/p/0/proxy/https://epg.112114.xyz/logo/{name}.png,,,,,,"Mozilla/5.0(WindowsNT10.0;Win64;x64)AppleWebKit/537.36(KHTML,likeGecko)Chrome/108.0.0.0Safari/537.36",http://127.0.0.1:10079/p/0/proxy/https://epg.112114.xyz/?ch={name}&date={date},,1,,Json
http://127.0.0.1:10079/p/0/proxy/http://æˆ‘ä¸æ˜¯.è‚¥çŒ«.live/TV/tvzb.txt,,0,,http://127.0.0.1:10079/p/0/proxy/https://epg.112114.xyz/logo/{name}.png,,,,,,okhttp/3.12.13,http://127.0.0.1:10079/p/0/proxy/https://epg.112114.xyz/?ch={name}&date={date},,1,,live.feimao
,,,,,['proxy://do=live&type=live&proxy=&url='],,,,,,,,,,redirect
http://127.0.0.1:9978/proxy?do=live&url=https://fs-im-kefu.7moor-fs2.com/im/2768a390-5474-11ea-afc9-7b323e3e16c0/owXrpU7F.bmp,,0,,,,,,10,,,http://cdn.1678520.xyz/epg/?ch={name}&date={date},,2,,çˆ±ç›´æ’­
http://127.0.0.1:9978/proxy?do=live&url=https://fs-im-kefu.7moor-fs2.com/im/2768a390-5474-11ea-afc9-7b323e3e16c0/PeIgAty8.txt,,0,,,,,,10,,,,,2,,ç»¼åˆ
http://127.0.0.1:9978/proxy?do=live&url=https://raw.githubusercontent.com/fanmingming/live/refs/heads/main/tv/m3u/ipv6.m3u,,0,,,,,,10,,,,,2,,èŒƒæ˜æ˜
http://127.0.0.1:9978/proxy?do=live&url=https://fs-im-kefu.7moor-fs1.com/ly/4d2c3f00-7d4c-11e5-af15-41bf63ae4ea0/1740592110565/zq.fif.txt,,0,,,,,,10,,,,"{'type': 'append', 'source': ""&starttime=${(b)yyyyMMdd'T'HHmm}00.00Z&endtime=${(e)yyyyMMdd'T'HHmm}00.00Z""}",2,,å›½å†…Live
http://127.0.0.1:9978/proxy?do=live&url=https://fs-im-kefu.7moor-fs1.com/ly/4d2c3f00-7d4c-11e5-af15-41bf63ae4ea0/1739616589773/zq.txt,,0,,,,,,10,,,,"{'type': 'append', 'source': ""&starttime=${(b)yyyyMMdd'T'HHmm}00.00Z&endtime=${(e)yyyyMMdd'T'HHmm}00.00Z""}",2,,å›½å†…ç§»åŠ¨
http://127.0.0.1:9978/proxy?do=live&u=Gather,,0,,,,,,10,,okhttp/3.15,,,2,,ç”µè§†Live
http://127.0.0.1:9978/proxy?do=live&url=https://fs-im-kefu.7moor-fs1.com/ly/4d2c3f00-7d4c-11e5-af15-41bf63ae4ea0/1744201662209/jjssyydd.txt,,0,,,,,,10,,,,,2,,æ±Ÿè‹ç§»åŠ¨
yqk,csp_HuyaGuard,3,,,,,,10,,,,,2,,ä¸€èµ·çœ‹
bililive.m3u,csp_FeiyangGuard,3,,,,,,10,,okhttp/3.15,,,,,è‚¥ç¾ŠBç«™ç›´æ’­
douyuyqk.m3u,csp_FeiyangGuard,3,,,,,,10,,okhttp/3.15,,,,,è‚¥ç¾Šæ–—é±¼ä¸€èµ·çœ‹
yylunbo.m3u,csp_FeiyangGuard,3,,,,,,10,,okhttp/3.15,,,,,è‚¥ç¾ŠYYè½®æ’­
,,,,,['proxy://do=live&type=txt&ext=https://ghproxy.net/https://raw.githubusercontent.com/hjdhnx/hipy-sniffer/refs/heads/main/static/lives/lives.txt'],,,,,,,,,,ç¨³å®šgithubç›´æ’­
,,,,,['proxy://do=live&type=txt&ext=http://127.0.0.1:9978/api/v1/file/drpy_dzlive/lives/åæ•°2.m3u'],,,,,,,,,,åæ•°2
,,,,,['proxy://do=live&type=txt&ext=http://127.0.0.1:9978/api/v1/file/drpy_dzlive/lives/æ­å·åæ•°.m3u'],,,,,,,,,,æ­å·åæ•°
,,,,,['proxy://do=live&type=txt&ext=http://itvbox.cc/äº‘æ˜Ÿæ—¥è®°/Ipv4.txt'],,,,,,,,,,äº‘æ˜Ÿæ—¥è®°ç›´æ’­
,,,,,['proxy://do=live&type=txt&ext=http://127.0.0.1:5708/ysp'],,,,,,,,,,æœ¬åœ°å—…æ¢å™¨ç›´æ’­
https://gh-proxy.net/https://raw.githubusercontent.com/fanmingming/live/refs/heads/main/tv/m3u/ipv6.m3u,,0,,https://epg.v1.mk/logo/{name}.png,,,,,,,http://epg.51zmt.top:8000/api/diyp/?ch={name}&date={date},,,,V6èŒƒæ˜æ˜
https://mirror.ghproxy.com/https://raw.githubusercontent.com/mygoww/xoxo/main/zb/æµ‹è¯•.txt,,0,,https://epg.112114.xyz/logo/{name}.png,,,,,,okhttp/3.15,http://epg.112114.xyz/?ch={name}&date={date},,1,,live
https://mirror.ghproxy.com/https://raw.githubusercontent.com/Ftindy/IPTV-URL/main/IPV6.m3u,,0,,https://epg.112114.xyz/logo/{name}.png,,,,,,okhttp/3.15,http://epg.112114.xyz/?ch={name}&date={date},,1,,live2
https://gitlab.com/xmbjm/omg/-/raw/main/lib/live.txt,,0,,,,,,,,,,,1,,ITV
https://ghp.ci/raw.githubusercontent.com/MemoryCollection/IPTV/refs/heads/main/itvlist.m3u,,0,,,,,,,,,,,1,,IPV4
https://ghp.ci/https://raw.githubusercontent.com/fanmingming/live/refs/heads/main/tv/m3u/ipv6.m3u,,0,,,,,,,,,,,1,,IPV6â‘ 
https://ghp.ci/https://raw.githubusercontent.com/wwb521/live/main/tv.m3u,,0,,https://live.fanmingming.com/tv/{name}.png,,,,,,,,,1,,IPV6â‘¡
http://æˆ‘ä¸æ˜¯.è‚¥çŒ«.live/TV/tvzb.txt,,0,,https://epg.112114.xyz/logo/{name}.png,,,,,,okhttp/3.15,http://epg.112114.xyz/?ch={name}&date={date},,1,,è‚¥çŒ«
https://raw.githubusercontent.com/liu673cn/box/main/libs/tv/tvlive.txt,,0,,https://epg.112114.xyz/logo/{name}.png,,,,,,okhttp/3.15,http://epg.112114.xyz/?ch={name}&date={date},,1,,SAO0
https://raw.githubusercontent.com/liu673cn/box/main/lib/tv/ipv6.m3u,,0,,https://epg.112114.xyz/logo/{name}.png,,,,,,okhttp/3.15,http://epg.112114.xyz/?ch={name}&date={date},,1,,IPV6
https://pan.baidu.re/down.php/c0abcb4a572aef3c573a25227d90757c.txt,,0,,https://epg.v1.mk/logo/{name}.png,,okhttp/5.0.0-alpha.14,,,,,http://epg99.112114.xyz/?ch={name}&date={date},,1,,ğŸ“ºé’é¾™ç”µè§†
https://tv.iill.top/m3u/Gather,,0,,http://127.0.0.1:10079/p/0/proxy/https://epg.112114.xyz/logo/{name}.png,,,,,,okhttp/3.15,http://127.0.0.1:10079/p/0/proxy/http://epg.112114.xyz/?ch={name}&date={date},,,,ğŸ“ºGather.ç”µè§†ç›´æ’­
https://cdn.gh-proxy.com/raw.githubusercontent.com/yoursmile66/TVBox/refs/heads/main/live.txt,,0,,https://epg.112114.xyz/logo/{name}.png,,,,,,okhttp/3.15,http://epg.51zmt.top:8000/api/diyp/?ch={name}&date={date},,1,,Yoursmile
http://127.0.0.1:35457/tv.m3u,,0,,https://epg.112114.xyz/logo/{name}.png,,,,,,okhttp/3.15,http://epg.51zmt.top:8000/api/diyp/?ch={name}&date={date},,,,feiyang.allinone
http://127.0.0.1:35457/bililive.m3u,,0,,https://epg.112114.xyz/logo/{name}.png,,,,,,okhttp/3.15,http://epg.51zmt.top:8000/api/diyp/?ch={name}&date={date},,,,feiyang.bililive
http://127.0.0.1:35457/huyayqk.m3u,,0,,https://epg.112114.xyz/logo/{name}.png,,,,,,okhttp/3.15,http://epg.51zmt.top:8000/api/diyp/?ch={name}&date={date},,,,feiyang.huyayqk
http://127.0.0.1:35457/douyuyqk.m3u,,0,,https://epg.112114.xyz/logo/{name}.png,,,,,,okhttp/3.15,http://epg.51zmt.top:8000/api/diyp/?ch={name}&date={date},,,,feiyang.douyuyqk
http://127.0.0.1:35457/yylunbo.m3u,,0,,https://epg.112114.xyz/logo/{name}.png,,,,,,okhttp/3.15,http://epg.51zmt.top:8000/api/diyp/?ch={name}&date={date},,,,feiyang.yylunbo
https://6296.kstore.vip/25.txt,,0,,https://epg.112114.xyz/logo/{name}.png,,,,,,,http://epg.112114.xyz/?ch={name}&date={date},,1,,live
http://127.0.0.1:9978/proxy?do=live&url=https://tv.iill.top/m3u/Gather,,0,,,,,,,,,,,2,,ç›´æ’­
https://live.fanmingming.com/tv/m3u/ipv6.m3u,,0,,,,,,,,,,,2,,èŒƒæ˜æ˜
,csp_Ysptp,3,,https://live.fanmingming.com/tv/{name}.png,,,,,,,,,,https://raw.githubusercontent.com/PizazzGY/TVBox/main/live.txt,è‚¥ç¾Š
https://git.acwing.com/iduoduo/orange/-/raw/main/ITV.txt,,0,,,,,,3,,"okhttp/3.15,AptvPlayer/1.4.0",http://epg.51zmt.top:8000/e.xml,,2,,ITV
https://9877.kstore.space/Live/live.m3u,csp_Feiyang,3,,,,,,10,,okhttp/3.15,,"{'type': 'append', 'source': ""?livemode=4&starttime=${(b)yyyyMMdd'T'HHmm}00.00Z&endtime=${(e)yyyyMMdd'T'HHmm}00.00Z""}",,,è‚¥ç¾Šç›´æ’­
https://wget.la/https://raw.githubusercontent.com/PizazzGY/TV/master/output/user_result.txt,,0,,,,,,10,,,http://cdn.1678520.xyz/epg/?ch={name}&date={date},,2,,AIç›´æ’­
https://9877.kstore.space/Live/huyayqk.m3u,csp_Feiyang,3,,,,,,10,,okhttp/3.15,,,,,è™ç‰™ä¸€èµ·çœ‹
https://9877.kstore.space/Live/douyuyqk.m3u,csp_Feiyang,3,,,,,,10,,okhttp/3.15,,,,,æ–—é±¼ä¸€èµ·çœ‹
https://9877.kstore.space/Live/yylunbo.m3u,csp_Feiyang,3,,,,,,10,,okhttp/3.15,,,,,YYè½®æ’­
http://127.0.0.1:9978/proxy?do=live&u=Gather,,0,,,,,,10,,,,,2,,ç”µè§†Live
http://127.0.0.1:9978/proxy?do=live&url=https://tv.iill.top/m3u/Live,,0,,,,,,10,,,,,2,,ç½‘ç»œLive
https://live.fanmingming.cn/tv/m3u/ipv6.m3u,,0,,,,,,10,,,,,2,,èŒƒæ˜æ˜
https://wget.la/https://github.com/Kimentanm/aptv/raw/master/m3u/iptv.m3u,,0,,https://epg.iill.top/logo/{name}.png,,,,10,,"okhttp/3.15,AptvPlayer/1.4.0",http://epg.51zmt.top:8000/api/diyp/?ch={name}&date={date},,2,,APTV
https://github.moeyy.xyz/https://raw.githubusercontent.com/wwb521/live/main/tv.m3u,,0,,https://epg.v1.mk/logo/{name}.png,,,,,,,http://epg.51zmt.top:8000/api/diyp/?ch={name}&date={date},,2,,V4èšåˆï¼ˆå¡é¡¿è¯·æŒ‰å·¦â”ƒå³é”®æ¢çº¿ï¼‰
https://github.moeyy.xyz/https://raw.githubusercontent.com/fanmingming/live/refs/heads/main/tv/m3u/ipv6.m3u,,0,,,,,,,,,,,2,,V6èŒƒæ˜æ˜
http://tv.iill.top/m3u/Live,,0,,,,,,,,okhttp/3.15,,,2,,å¹³å°ç›´æ’­
https://upld.zone.id/uploads/q9iq9e5iq/lvse.txt,,0,,https://epg.112114.xyz/logo/{name}.png,,,,,,,http://epg.112114.xyz/?ch={name}&date={date},,,,é©¸é©¬å½±è§†â€¢ITV
https://ghfast.top/raw.githubusercontent.com/suxuang/myIPTV/main/ipv4.m3u,,0,,https://epg.112114.xyz/logo/{name}.png,,,,,,,http://epg.112114.xyz/?ch={name}&date={date},,,,é©¸é©¬å½±è§†â€¢å›½å†…ç›´æ’­
http://110.185.171.226:93/dsch/gat.txt,,0,,https://epg.112114.xyz/logo/{name}.png,,,,,,,http://epg.112114.xyz/?ch={name}&date={date},,,,é©¸é©¬å½±è§†â€¢æ¸¯æ¾³å°
https://fy.iptv1.ggff.net/?url=http://www.douzhicloud.site:35455,,0,,https://epg.112114.xyz/logo/{name}.png,,,,,,,http://epg.112114.xyz/?ch={name}&date={date},,,,é©¸é©¬å½±è§†â€¢å›½å†…IPTV
http://150.158.112.123/live.txt,,0,,,,,,,,okhttp/3.15,,,2,,å¹³å°ç›´æ’­
https://fs-im-kefu.7moor-fs1.com/ly/4d2c3f00-7d4c-11e5-af15-41bf63ae4ea0/1742130501942/bjtv.txt,,0,,,,,,,,,,,1,,BJTV
https://fs-im-kefu.7moor-fs1.com/ly/4d2c3f00-7d4c-11e5-af15-41bf63ae4ea0/1736923192652/boboji.m3u,,0,,,,,,,,,,,1,,é’µé’µé¸¡(å››ç½‘é€šç”¨)
http://127.0.0.1:9978/file/XYQTVBox/live.txt,,0,,https://epg.iill.top/logo/{name}.png,,,True,,,,http://cdn.1678520.xyz/epg/?ch={name}&date={date},,,,æœ¬åœ°liveæ–‡ä»¶
https://github.moeyy.xyz/https://raw.githubusercontent.com/big-mouth-cn/tv/main/iptv-ok.m3u,,0,,https://epg.v1.mk/logo/{name}.png,,,True,,,,https://epg.v1.mk/json?ch={name}&date={date},,,,BMCH
https://ghfile.geekertao.top/https://raw.githubusercontent.com/TianmuTNT/iptv/main/iptv.txt,,0,,https://epg.v1.mk/logo/{name}.png,,,True,,,,https://epg.v1.mk/json?ch={name}&date={date},,,,Tianmu
https://live.fanmingming.cn/tv/m3u/ipv6.m3u,,0,,,,,True,,,,,,,,fanmingming
https://ghfast.top/raw.githubusercontent.com/fanmingming/live/refs/heads/main/tv/m3u/ipv6.m3u,,0,,https://live.fanmingming.com/tv/{name}.png,,,,,,,,,1,,FMM
http://127.0.0.1:10079/c/3600/null/http://127.0.0.1:35456/all.m3u,,0,,http://127.0.0.1:10079/p/0/proxy/https://epg.112114.xyz/logo/{name}.png,,,,,,okhttp/3.15,http://127.0.0.1:10079/p/0/proxy/http://epg.112114.xyz/?ch={name}&date={date},"{'type': 'append', 'source': ""?livemode=4&starttime=${(b)yyyyMMdd'T'HHmm}00.00Z&endtime=${(e)yyyyMMdd'T'HHmm}00.00Z""}",,,æœ€å¼ºå›½å†…ç›´æ’­(åˆå¹¶ç‰ˆ)
http://127.0.0.1:10079/c/3600/null/http://127.0.0.1:35456/tv.m3u,,0,,http://127.0.0.1:10079/p/0/proxy/https://epg.112114.xyz/logo/{name}.png,,,,,,okhttp/3.15,http://127.0.0.1:10079/p/0/proxy/http://epg.112114.xyz/?ch={name}&date={date},"{'type': 'append', 'source': ""?livemode=4&starttime=${(b)yyyyMMdd'T'HHmm}00.00Z&endtime=${(e)yyyyMMdd'T'HHmm}00.00Z""}",,,æœ€å¼ºå›½å†…ç›´æ’­
http://127.0.0.1:10079/c/3600/null/http://127.0.0.1:35456/tv.m3u,,0,,http://127.0.0.1:10079/p/0/proxy/https://epg.112114.xyz/logo/{name}.png,,,,,,okhttp/3.15,http://127.0.0.1:10079/p/0/proxy/http://epg.112114.xyz/?ch={name}&date=DATE1SUB,"{'type': 'append', 'source': ""?livemode=4&starttime=${(b)yyyyMMdd'T'HHmm}00.00Z&endtime=${(e)yyyyMMdd'T'HHmm}00.00Z""}",,,æœ€å¼ºå›½å†…ç›´æ’­(EPG-1å¤©å›çœ‹)
http://127.0.0.1:10079/c/3600/null/http://127.0.0.1:35456/bjyd.m3u,,0,,http://127.0.0.1:10079/p/0/proxy/https://epg.112114.xyz/logo/{name}.png,,,,,,okhttp/3.15,http://127.0.0.1:10079/p/0/proxy/http://epg.112114.xyz/?ch={name}&date={date},"{'type': 'append', 'source': ""?livemode=4&starttime=${(b)yyyyMMdd'T'HHmm}00.00Z&endtime=${(e)yyyyMMdd'T'HHmm}00.00Z""}",,,BJYD
http://127.0.0.1:10079/c/3600/null/http://127.0.0.1:35456/bjyd.m3u,,0,,http://127.0.0.1:10079/p/0/proxy/https://epg.112114.xyz/logo/{name}.png,,,,,,okhttp/3.15,http://127.0.0.1:10079/p/0/proxy/http://epg.112114.xyz/?ch={name}&date=DATE1SUB,"{'type': 'append', 'source': ""?livemode=4&starttime=${(b)yyyyMMdd'T'HHmm}00.00Z&endtime=${(e)yyyyMMdd'T'HHmm}00.00Z""}",,,BJYD(EPG-1å¤©å›çœ‹)
http://127.0.0.1:10079/c/3600/null/http://127.0.0.1:35456/bjyd.m3u,,0,,http://127.0.0.1:10079/p/0/proxy/https://epg.112114.xyz/logo/{name}.png,,,,,,okhttp/3.15,http://127.0.0.1:10079/p/0/proxy/http://epg.112114.xyz/?ch={name}&date=DATE2SUB,"{'type': 'append', 'source': ""?livemode=4&starttime=${(b)yyyyMMdd'T'HHmm}00.00Z&endtime=${(e)yyyyMMdd'T'HHmm}00.00Z""}",,,BJYD(EPG-2å¤©å›çœ‹)
http://127.0.0.1:10079/c/3600/null/http://127.0.0.1:35456/bjyd.m3u,,0,,http://127.0.0.1:10079/p/0/proxy/https://epg.112114.xyz/logo/{name}.png,,,,,,okhttp/3.15,http://127.0.0.1:10079/p/0/proxy/http://epg.112114.xyz/?ch={name}&date=DATE3SUB,"{'type': 'append', 'source': ""?livemode=4&starttime=${(b)yyyyMMdd'T'HHmm}00.00Z&endtime=${(e)yyyyMMdd'T'HHmm}00.00Z""}",,,BJYD(EPG-3å¤©å›çœ‹)
https://cnb.cool/fish2018/pg/-/git/raw/master/lib/biptv.txt,,0,,http://127.0.0.1:10079/p/0/proxy/https://epg.112114.xyz/logo/{name}.png,,,,,,okhttp/3.15,http://127.0.0.1:10079/p/0/proxy/http://epg.112114.xyz/?ch={name}&date={date},,,,"BIPTV(IPV6,å¯å›çœ‹)"
http://127.0.0.1:10079/dlnam3u/tv.m3u,,0,,http://127.0.0.1:10079/p/0/proxy/https://epg.112114.xyz/logo/{name}.png,,,,,,okhttp/3.15.,http://127.0.0.1:10079/p/0/proxy/http://epg.112114.xyz/?ch={name}&date={date},,,,PandaGoæŠ•å±ç›´æ’­æ¥æ”¶è®°å½•
http://127.0.0.1:10079/c/3600/proxy/https://raw.githubusercontent.com/fanmingming/live/refs/heads/main/tv/m3u/ipv6.m3u,,0,,http://127.0.0.1:10079/p/0/proxy/https://epg.112114.xyz/logo/{name}.png,,,,,,okhttp/3.15,http://127.0.0.1:10079/p/0/proxy/http://epg.112114.xyz/?ch={name}&date={date},,,,FMM.m3u
http://127.0.0.1:10079/mp4/3600/proxy/https://raw.githubusercontent.com/fanmingming/live/refs/heads/main/tv/m3u/ipv6.m3u,,0,,http://127.0.0.1:10079/p/0/proxy/https://epg.112114.xyz/logo/{name}.png,,,,,,okhttp/3.15,http://127.0.0.1:10079/p/0/proxy/http://epg.112114.xyz/?ch={name}&date={date},,,,FMM.m3u.éŸ³è´¨å¢å¼º
http://127.0.0.1:10079/c/60/null/http://127.0.0.1:35456/txevent.m3u,,0,,http://127.0.0.1:10079/p/0/proxy/https://epg.112114.xyz/logo/{name}.png,,,,,,okhttp/3.15,http://127.0.0.1:10079/p/0/proxy/http://epg.112114.xyz/?ch={name}&date={date},,,,è‚¥ç¾ŠTXèµ›äº‹ç›´æ’­
http://127.0.0.1:10079/c/60/null/http://127.0.0.1:35456/iqyevent.m3u,,0,,http://127.0.0.1:10079/p/0/proxy/https://epg.112114.xyz/logo/{name}.png,,,,,,okhttp/3.15,http://127.0.0.1:10079/p/0/proxy/http://epg.112114.xyz/?ch={name}&date={date},,,,è‚¥ç¾ŠQYèµ›äº‹ç›´æ’­
http://127.0.0.1:10079/c/3600/null/http://127.0.0.1:35456/bililive.m3u,,0,,http://127.0.0.1:10079/p/0/proxy/https://epg.112114.xyz/logo/{name}.png,,,,,,okhttp/3.15,http://127.0.0.1:10079/p/0/proxy/http://epg.112114.xyz/?ch={name}&date={date},,,,è‚¥ç¾ŠBç«™ç›´æ’­
http://127.0.0.1:10079/mp4/3600/null/http://127.0.0.1:35456/bililive.m3u,,0,,http://127.0.0.1:10079/p/0/proxy/https://epg.112114.xyz/logo/{name}.png,,,,,,okhttp/3.15,http://127.0.0.1:10079/p/0/proxy/http://epg.112114.xyz/?ch={name}&date={date},,,,è‚¥ç¾ŠBç«™ç›´æ’­.éŸ³è´¨å¢å¼º
http://127.0.0.1:10079/c/3600/null/http://127.0.0.1:35456/huyayqk.m3u,,0,,http://127.0.0.1:10079/p/0/proxy/https://epg.112114.xyz/logo/{name}.png,,,,,,okhttp/3.15,http://127.0.0.1:10079/p/0/proxy/http://epg.112114.xyz/?ch={name}&date={date},,,,è‚¥ç¾Šè™ç‰™ä¸€èµ·çœ‹
http://127.0.0.1:10079/mp4/3600/null/http://127.0.0.1:35456/huyayqk.m3u,,0,,http://127.0.0.1:10079/p/0/proxy/https://epg.112114.xyz/logo/{name}.png,,,,,,okhttp/3.15,http://127.0.0.1:10079/p/0/proxy/http://epg.112114.xyz/?ch={name}&date={date},,,,è‚¥ç¾Šè™ç‰™ä¸€èµ·çœ‹.éŸ³è´¨å¢å¼º
http://127.0.0.1:10079/c/3600/null/http://127.0.0.1:35456/douyuyqk.m3u,,0,,http://127.0.0.1:10079/p/0/proxy/https://epg.112114.xyz/logo/{name}.png,,,,,,okhttp/3.15,http://127.0.0.1:10079/p/0/proxy/http://epg.112114.xyz/?ch={name}&date={date},,,,è‚¥ç¾Šæ–—é±¼ä¸€èµ·çœ‹
http://127.0.0.1:10079/mp4/3600/null/http://127.0.0.1:35456/douyuyqk.m3u,,0,,http://127.0.0.1:10079/p/0/proxy/https://epg.112114.xyz/logo/{name}.png,,,,,,okhttp/3.15,http://127.0.0.1:10079/p/0/proxy/http://epg.112114.xyz/?ch={name}&date={date},,,,è‚¥ç¾Šæ–—é±¼ä¸€èµ·çœ‹.éŸ³è´¨å¢å¼º
http://127.0.0.1:10079/c/3600/null/http://127.0.0.1:35456/yylunbo.m3u,,0,,http://127.0.0.1:10079/p/0/proxy/https://epg.112114.xyz/logo/{name}.png,,,,,,okhttp/3.15,http://127.0.0.1:10079/p/0/proxy/http://epg.112114.xyz/?ch={name}&date={date},,,,è‚¥ç¾ŠYYè½®æ’­
https://cnb.cool/fish2018/pg/-/git/raw/master/lib/ytblive.m3u,,0,,http://127.0.0.1:10079/p/0/proxy/https://epg.112114.xyz/logo/{name}.png,,,,,,okhttp/3.15,http://127.0.0.1:10079/p/0/proxy/http://epg.112114.xyz/?ch={name}&date={date},,,,YTBç›´æ’­
http://aktv.top/live.m3u,,0,,http://127.0.0.1:10079/p/0/proxy/https://epg.112114.xyz/logo/{name}.png,,,,,,okhttp/3.15,http://127.0.0.1:10079/p/0/proxy/http://epg.112114.xyz/?ch={name}&date={date},,,,AKTV.ç”µè§†ç›´æ’­
https://tv.iill.top/m3u/Gather,,0,,http://127.0.0.1:10079/p/0/proxy/https://epg.112114.xyz/logo/{name}.png,,,,,,okhttp/3.15,http://127.0.0.1:10079/p/0/proxy/http://epg.112114.xyz/?ch={name}&date={date},,,,Gather.ç”µè§†ç›´æ’­
https://tv.iill.top/m3u/Live,,0,,http://127.0.0.1:10079/p/0/proxy/https://epg.112114.xyz/logo/{name}.png,,,,,,okhttp/3.15,http://127.0.0.1:10079/p/0/proxy/http://epg.112114.xyz/?ch={name}&date={date},,,,Gather.ç½‘ç»œç›´æ’­
http://127.0.0.1:10079/c/3600/proxy/https://fanmingming.com/txt?url=https://live.fanmingming.cn/tv/m3u/ipv6.m3u,,0,,http://127.0.0.1:10079/p/0/proxy/https://epg.112114.xyz/logo/{name}.png,,,,,,okhttp/3.15,http://127.0.0.1:10079/p/0/proxy/http://epg.112114.xyz/?ch={name}&date={date},,,,FMM.txt
http://127.0.0.1:10079/c/3600/proxy/http://ww.zouming.com/ipv6.txt,,0,,http://127.0.0.1:10079/p/0/proxy/https://epg.112114.xyz/logo/{name}.png,,,,,,okhttp/3.15,http://127.0.0.1:10079/p/0/proxy/http://epg.112114.xyz/?ch={name}&date={date},,,,zouming.ipv6
https://cnb.cool/fish2018/pg/-/git/raw/master/lib/yo21.txt,,0,,,,,,,,,,,,,YTLive
,,,,,['proxy://do=live&type=txt&ext='],,,,,,,,,,live
./live/live3.txt,,0,,https://epg.112114.xyz/logo/{name}.png,,,,,,okhttp/3.15,http://epg.112114.xyz/?ch={name}&date={date},,1,,live
http://yydf.540734621.xyz/wx/zb/chunyingzhibo.txt,,0,,https://epg.112114.xyz/logo/{name}.png,,,,,,okhttp/3.15,http://epg.112114.xyz/?ch={name}&date={date},,1,,æ˜¥ç›ˆ
https://live.fanmingming.com/tv/m3u/ipv6.m3u,,0,,https://epg.112114.xyz/logo/{name}.png,,,,,,okhttp/3.15,http://epg.112114.xyz/?ch={name}&date={date},,1,,IPV6
