url,showtype,type,user-agent,header,ext,name
Demo,,3,,,,Jsonèšåˆ
å½±è§†,,3,,,,å½±è§†èšåˆ
,,1,,,,è‡ªç”¨
,,0,,,,8090g
,,0,,,,è™¾ç±³
,,0,,,,å¤œå¹•
https://jx.xmflv.com/?url=,,0,,,"{'header': {'user-agent': 'Mozilla/5.0(WindowsNT10.0;Win64;x64)AppleWebKit/537.36(KHTML,likeGecko)Chrome/110.0.0.0Safari/537.36Edg/110.0.1587.57'}}",Tå¹¶å‘
Web,,3,,,,Vå—…æ¢
http://27.124.4.42:4567/jhjson/ceshi.php?url=,,1,okhttp/3.12.0,,"{'flag': ['qq', 'è…¾è®¯', 'qiyi', 'çˆ±å¥‡è‰º', 'å¥‡è‰º', 'youku', 'ä¼˜é…·', 'sohu', 'æœç‹', 'letv', 'ä¹è§†', 'yk', 'mgtv', 'èŠ’æœ', 'CL4K', 'renrenmi', 'ltnb', 'bilibili', '1905', 'xigua']}",åˆ†äº«
http://180.102.25.145:66/api/jsonindex.php/?key=vd4Kpwz3WxUEg16hmf&url=,,1,,{'User-Agent': 'LuaSocket3.0-rc1'},"{'flag': ['qiyi', 'imgo', 'çˆ±å¥‡è‰º', 'å¥‡è‰º', 'qq', 'è…¾è®¯', 'youku', 'ä¼˜é…·', 'pptv', 'PPTV', 'letv', 'ä¹è§†', 'leshi', 'bilibili', 'å“”å“©å“”å“©', 'å“”å“©', 'mgtv', 'èŠ’æœ', 'sohu', 'xigua', 'fun', 'é£è¡Œ'], 'header': {'User-Agent': 'LuaSocket3.0-rc1'}}",TV
https://jx.255tv.tk/api/?key=S6kQHaE1gVEY5KAv8L&url=,,1,,{'User-Agent': 'LuaSocket3.0-rc1'},"{'flag': ['qiyi', 'imgo', 'çˆ±å¥‡è‰º', 'å¥‡è‰º', 'qq', 'è…¾è®¯', 'youku', 'ä¼˜é…·', 'pptv', 'PPTV', 'letv', 'ä¹è§†', 'leshi', 'bilibili', 'å“”å“©å“”å“©', 'å“”å“©', 'mgtv', 'èŠ’æœ', 'sohu', 'xigua', 'fun', 'é£è¡Œ'], 'header': {'User-Agent': 'LuaSocket3.0-rc1'}}",é­”æ”¹
https://api.itcxo.cn/api/jsonindex.php/?key=zfFfINCGuFDFqzc24L&url=,,1,,{'User-Agent': 'LuaSocket3.0-rc1'},"{'flag': ['qiyi', 'imgo', 'çˆ±å¥‡è‰º', 'å¥‡è‰º', 'qq', 'è…¾è®¯', 'youku', 'ä¼˜é…·', 'pptv', 'PPTV', 'letv', 'ä¹è§†', 'leshi', 'bilibili', 'å“”å“©å“”å“©', 'å“”å“©', 'mgtv', 'èŠ’æœ', 'sohu', 'xigua', 'fun', 'é£è¡Œ'], 'header': {'User-Agent': 'LuaSocket3.0-rc1'}}",äº¤æµ
https://jx.bozrc.com:4433/player/?url=,1,,,,,QQ
https://jx.777jiexi.com/player/?url=,,0,,,,é¢‘é“
https://jx.bozrc.com:4433/player/?url=,,0,,,"{'header': {'User-Agent': 'okhttp/4.1.0'}, 'flag': ['qq', 'è…¾è®¯', 'qiyi', 'çˆ±å¥‡è‰º', 'å¥‡è‰º', 'youku', 'ä¼˜é…·', 'mgtv', 'èŠ’æœ', 'letv', 'leshi', 'LS', 'ä¹è§†', 'pptv', 'PPTV', 'sohu', 'bilibili', 'å“”å“©å“”å“©', 'å“”å“©']}",å·ç 
http://www.miaoys.cc/vip/?url=,,0,,,,27
https://jx.ppjbk.cn/?url=,,0,,,{'header': {'User-Agent': 'Mozilla/5.0'}},2e
https://jx.jsonplayer.com/player/?url=,,0,,,,s4
https://jx.bozrc.com:4433/player/?url=,,0,,,"{'flag': ['qiyi', 'imgo', 'çˆ±å¥‡è‰º', 'å¥‡è‰º', 'qq', 'è…¾è®¯', 'youku', 'ä¼˜é…·', 'pptv', 'PPTV', 'letv', 'ä¹è§†', 'leshi', 'bilibili', 'å“”å“©å“”å“©', 'å“”å“©', 'mgtv', 'èŠ’æœ', 'sohu', 'xigua', 'fun', 'é£è¡Œ'], 'header': {'User-Agent': 'Mozilla/5.0'}}",75
https://jx.4kdv.com/?url=,,0,,,"{'header': {'User-Agent': 'okhttp/4.1.0'}, 'flag': ['qq', 'è…¾è®¯', 'qiyi', 'çˆ±å¥‡è‰º', 'å¥‡è‰º', 'youku', 'ä¼˜é…·', 'mgtv', 'èŠ’æœ', 'letv', 'leshi', 'LS', 'ä¹è§†', 'pptv', 'PPTV', 'sohu', 'bilibili', 'å“”å“©å“”å“©', 'å“”å“©']}",yj
Demo,,3,,,,é­”
https://www.8090g.cn/?url=,,0,,,,æ”¹
https://jx.m3u8.tv/jiexi/?url=,,0,,,,äº¤
https://www.ckplayer.vip/jiexi/?url=,,0,,,,æµ
https://jf.hanliu8.cn/api/?key=vGz0SydWbL1XjS3LPX&url=,,1,,,"{'flag': ['qq', 'è…¾è®¯', 'qiyi', 'çˆ±å¥‡è‰º', 'å¥‡è‰º', 'youku', 'ä¼˜é…·', 'sohu', 'æœç‹', 'letv', 'ä¹è§†', 'mgtv', 'èŠ’æœ', 'rx', 'ltnb', 'bilibili', '1905', 'xigua'], 'header': {'User-Agent': 'okhttp/4.9.1'}}",é­”æ”¹äº¤æµ
https://jx.xmflv.com/?url=,,0,,,"{'flag': ['qq', 'è…¾è®¯', 'qiyi', 'çˆ±å¥‡è‰º', 'å¥‡è‰º', 'youku', 'ä¼˜é…·', 'sohu', 'æœç‹', 'letv', 'ä¹è§†', 'mgtv', 'èŠ’æœ', 'imgo', 'rx', 'ltnb', 'bilibili', '1905', 'xigua']}",è™¾ç±³
https://www.playm3u8.cn/jiexi.php?url=,,0,,{'User-Agent': 'Mozilla/5.0'},"{'flag': ['qiyi', 'imgo', 'çˆ±å¥‡è‰º', 'å¥‡è‰º', 'qq', 'è…¾è®¯', 'youku', 'ä¼˜é…·', 'pptv', 'PPTV', 'letv', 'ä¹è§†', 'leshi', 'bilibili', 'å“”å“©å“”å“©', 'å“”å“©', 'mgtv', 'èŠ’æœ', 'sohu', 'xigua', 'fun', 'é£è¡Œ'], 'header': {'User-Agent': 'Mozilla/5.0'}}",PM
https://jx.m3u8.tv/jiexi/?url=,,0,,,,m3u8
https://www.8090.la/8090/?url=,,0,,{'User-Agent': 'Mozilla/5.0'},"{'flag': ['qiyi', 'imgo', 'çˆ±å¥‡è‰º', 'å¥‡è‰º', 'qq', 'è…¾è®¯', 'youku', 'ä¼˜é…·', 'pptv', 'PPTV', 'letv', 'ä¹è§†', 'leshi', 'bilibili', 'å“”å“©å“”å“©', 'å“”å“©', 'mgtv', 'èŠ’æœ', 'sohu', 'xigua', 'fun', 'é£è¡Œ'], 'header': {'User-Agent': 'Mozilla/5.0'}}",8090
https://jx.m3u8.pw/?url=,,0,,,,çœ‹çœ‹
https://jx.xyflv.cc/?url=,,0,,,"{'header': {'user-agent': 'Mozilla/5.0(Linux;Android13;V2049ABuild/TP1A.220624.014;wv)AppleWebKit/537.36(KHTML,likeGecko)Version/4.0Chrome/116.0.0.0MobileSafari/537.36', 'referer': 'https://www.xyflv.cc/'}}",å’¸é±¼
https://jx.yparse.com/index.php?url=,,0,,,"{'header': {'user-agent': 'Mozilla/5.0(Linux;Android13;V2049ABuild/TP1A.220624.014;wv)AppleWebKit/537.36(KHTML,likeGecko)Version/4.0Chrome/116.0.0.0MobileSafari/537.36'}}",äº‘è§£æ
https://jx.aidouer.net/?url=,,0,,,"{'header': {'user-agent': 'Mozilla/5.0(Linux;Android13;V2049ABuild/TP1A.220624.014;wv)AppleWebKit/537.36(KHTML,likeGecko)Version/4.0Chrome/116.0.0.0MobileSafari/537.36', 'referer': 'https://jiejie.uk/'}}",çˆ±è±†
http://pan.qiaoji8.com/tvbox/neibu.php?url=,,1,,,"{'flag': ['qq', 'è…¾è®¯', 'qiyi', 'çˆ±å¥‡è‰º', 'å¥‡è‰º', 'youku', 'ä¼˜é…·', 'sohu', 'æœç‹', 'letv', 'ä¹è§†', 'mgtv', 'èŠ’æœ', 'tnmb', 'seven', 'bilibili', '1905'], 'header': {'User-Agent': 'okhttp/4.9.1'}}",å·§æŠ€
http://pan.qiaoji8.com/tvbox/gouzi.php?url=,,1,,,"{'flag': ['qq', 'è…¾è®¯', 'qiyi', 'çˆ±å¥‡è‰º', 'å¥‡è‰º', 'youku', 'ä¼˜é…·', 'sohu', 'æœç‹', 'letv', 'ä¹è§†', 'mgtv', 'èŠ’æœ', 'tnmb', 'seven', 'bilibili', '1905', 'NetFilx'], 'header': {'User-Agent': 'okhttp/4.9.1'}}",å·§æŠ€äºŒ
Web,,3,,,,Websèšåˆ
https://bd.jx.cn/?url=,,0,,,,MeowTV1
https://jx.m3u8.tv/jiexi/?url=,,0,,,,MeowTV2
https://player.mrgaocloud.com/player/?url=,,0,,,,MeowTV3
https://jx.777jiexi.com/player/?url=,,0,,,,777
https://jx.jsonplayer.com/player/?url=,,0,,,,æ°æ£®
https://jx.zhanlangbu.com/?url=,,0,,,,æˆ˜ç‹¼
https://okjx.cc/?url=,,0,,,,ok
https://jx.bozrc.com:4433/player/?url=,,0,,,"{'flag': ['qq', 'è…¾è®¯', 'qiyi', 'çˆ±å¥‡è‰º', 'å¥‡è‰º', 'youku', 'ä¼˜é…·', 'mgtv', 'èŠ’æœ', 'letv', 'leshi', 'LS', 'pptv', 'PPTV', 'sohu', 'bilibili', 'å“”å“©å“”å“©', 'å“”å“©'], 'header': {'User-Agent': ''}}",bozrc
https://blbfq.f3322.net/player/analysis.php?v=,,0,,,"{'flag': ['qiyi', 'qq', 'letv', 'sohu', 'youku', 'mgtv', 'bilibili', 'wasu', 'xigua', '1905']}",ä¸ç´¯
https://ksksl.codjx.com/?url=,,0,,,,cod
https://byg.ziqj5.shop/?url=,,0,,,,bygè§£æ
https://jx.xmflv.com/?url=,,0,,,,xmflv
https://chaxun.truechat365.com/?url=,,0,,,"{'flag': ['qq', 'è…¾è®¯', 'qiyi', 'iqiyi', 'çˆ±å¥‡è‰º', 'å¥‡è‰º', 'youku', 'ä¼˜é…·', 'mgtv', 'èŠ’æœ', 'letv', 'ä¹è§†', 'pptv', 'PPTV', 'sohu', 'bilibili', 'å“”å“©å“”å“©', 'å“”å“©']}",365
http://vip.26db.cn/g/?url=,,0,,,,26db
https://play.86516.tk/OKPlayer/?url=,,0,,,,FreeOK
https://h5.freejson.xyz/player/?url=,,0,,,,free
Demo,,3,,,,èšåˆ1
Web,,3,,,,èšåˆ0
https://jx.hls.one/?url=,,0,,,,ikun
https://jx.77flv.cc/?url=,,0,,,,77
https://pl.a6club.com/player/analysis.php?v=,,0,,,,A6
https://www.8090g.cn/?url=,,0,,,,8090
https://jx.m3u8.tv/jiexi/?url=,,0,,,,M3u8TV
https://www.ckplayer.vip/jiexi/?url=,,0,,,,CK
https://bd.jx.cn/?url=,,0,,,,å†°è±†
https://jx.xymp4.cc/?url=,,0,,,,XY
https://zy.qiaoji8.com/gouzi.php?url=94b07e0b2c0e8244&url=,,1,,,,æ¨è
https://150.138.78.37:4399/api?key=94b07e0b2c0e8244&url=,,1,,,,è‡»äº«
http://1.94.221.189:88/algorithm.php?url=,,1,,,,ä¼˜é€‰
https://jx.777jiexi.com/player/?url=,,0,,{'User-Agent': 'Mozilla/5.0'},"{'flag': ['qiyi', 'imgo', 'çˆ±å¥‡è‰º', 'å¥‡è‰º', 'qq', 'qqé¢„å‘ŠåŠèŠ±çµ®', 'è…¾è®¯', 'youku', 'ä¼˜é…·', 'pptv', 'PPTV', 'letv', 'ä¹è§†', 'leshi', 'mgtv', 'èŠ’æœ', 'sohu', 'xigua', 'fun', 'é£è¡Œ']}",777
https://www.8090g.cn/jiexi/?url=,,0,,{'User-Agent': 'Mozilla/5.0'},"{'flag': ['qiyi', 'imgo', 'çˆ±å¥‡è‰º', 'å¥‡è‰º', 'qq', 'qqé¢„å‘ŠåŠèŠ±çµ®', 'è…¾è®¯', 'youku', 'ä¼˜é…·', 'pptv', 'PPTV', 'letv', 'ä¹è§†', 'leshi', 'mgtv', 'èŠ’æœ', 'sohu', 'xigua', 'fun', 'é£è¡Œ']}",8090g
https://yparse.ik9.cc/index.php?url=,,0,,{'User-Agent': 'Mozilla/5.0'},"{'flag': ['qiyi', 'imgo', 'çˆ±å¥‡è‰º', 'å¥‡è‰º', 'qq', 'qqé¢„å‘ŠåŠèŠ±çµ®', 'è…¾è®¯', 'youku', 'ä¼˜é…·', 'pptv', 'PPTV', 'letv', 'ä¹è§†', 'leshi', 'mgtv', 'èŠ’æœ', 'sohu', 'xigua', 'fun', 'é£è¡Œ']}",ik9
https://jx.jsonplayer.com/player/?url=,,0,,{'User-Agent': 'Mozilla/5.0'},"{'flag': ['qiyi', 'imgo', 'çˆ±å¥‡è‰º', 'å¥‡è‰º', 'qq', 'qqé¢„å‘ŠåŠèŠ±çµ®', 'è…¾è®¯', 'youku', 'ä¼˜é…·', 'pptv', 'PPTV', 'letv', 'ä¹è§†', 'leshi', 'mgtv', 'èŠ’æœ', 'sohu', 'xigua', 'fun', 'é£è¡Œ']}",æ°æ£®
https://jx.yangtu.top/?url=,,0,,{'User-Agent': 'Mozilla/5.0'},"{'flag': ['qiyi', 'imgo', 'çˆ±å¥‡è‰º', 'å¥‡è‰º', 'qq', 'qqé¢„å‘ŠåŠèŠ±çµ®', 'è…¾è®¯', 'youku', 'ä¼˜é…·', 'pptv', 'PPTV', 'letv', 'ä¹è§†', 'leshi', 'mgtv', 'èŠ’æœ', 'sohu', 'xigua', 'fun', 'é£è¡Œ']}",é˜³é€”
https://bd.jx.cn/?url=,,0,,{'User-Agent': 'Mozilla/5.0'},"{'flag': ['qiyi', 'imgo', 'çˆ±å¥‡è‰º', 'å¥‡è‰º', 'qq', 'qqé¢„å‘ŠåŠèŠ±çµ®', 'è…¾è®¯', 'youku', 'ä¼˜é…·', 'pptv', 'PPTV', 'letv', 'ä¹è§†', 'leshi', 'mgtv', 'èŠ’æœ', 'sohu', 'xigua', 'fun', 'é£è¡Œ']}",å†°è±†
https://jx.m3u8.tv/jiexi/?url=,,0,,{'User-Agent': 'Mozilla/5.0'},"{'flag': ['qiyi', 'imgo', 'çˆ±å¥‡è‰º', 'å¥‡è‰º', 'qq', 'qqé¢„å‘ŠåŠèŠ±çµ®', 'è…¾è®¯', 'youku', 'ä¼˜é…·', 'pptv', 'PPTV', 'letv', 'ä¹è§†', 'leshi', 'mgtv', 'èŠ’æœ', 'sohu', 'xigua', 'fun', 'é£è¡Œ']}",m3u8TV
https://jx.dj6u.com/?url=,,0,,{'User-Agent': 'Mozilla/5.0'},"{'flag': ['qiyi', 'imgo', 'çˆ±å¥‡è‰º', 'å¥‡è‰º', 'qq', 'qqé¢„å‘ŠåŠèŠ±çµ®', 'è…¾è®¯', 'youku', 'ä¼˜é…·', 'pptv', 'PPTV', 'letv', 'ä¹è§†', 'leshi', 'mgtv', 'èŠ’æœ', 'sohu', 'xigua', 'fun', 'é£è¡Œ']}",å¬ä¹
https://jx.xmflv.com/?url=,,0,,{'User-Agent': 'Mozilla/5.0'},"{'flag': ['qiyi', 'imgo', 'çˆ±å¥‡è‰º', 'å¥‡è‰º', 'qq', 'qqé¢„å‘ŠåŠèŠ±çµ®', 'è…¾è®¯', 'youku', 'ä¼˜é…·', 'pptv', 'PPTV', 'letv', 'ä¹è§†', 'leshi', 'mgtv', 'èŠ’æœ', 'sohu', 'xigua', 'fun', 'é£è¡Œ']}",è™¾ç±³
https://jx.xmflv.cc/?url=,,0,,{'User-Agent': 'Mozilla/5.0'},"{'flag': ['qiyi', 'imgo', 'çˆ±å¥‡è‰º', 'å¥‡è‰º', 'qq', 'qqé¢„å‘ŠåŠèŠ±çµ®', 'è…¾è®¯', 'youku', 'ä¼˜é…·', 'pptv', 'PPTV', 'letv', 'ä¹è§†', 'leshi', 'mgtv', 'èŠ’æœ', 'sohu', 'xigua', 'fun', 'é£è¡Œ']}",è™¾ç±³2
https://jx.yparse.com/index.php?url=,,0,,{'User-Agent': 'Mozilla/5.0'},"{'flag': ['qiyi', 'imgo', 'çˆ±å¥‡è‰º', 'å¥‡è‰º', 'qq', 'qqé¢„å‘ŠåŠèŠ±çµ®', 'è…¾è®¯', 'youku', 'ä¼˜é…·', 'pptv', 'PPTV', 'letv', 'ä¹è§†', 'leshi', 'mgtv', 'èŠ’æœ', 'sohu', 'xigua', 'fun', 'é£è¡Œ']}",äº‘æ
https://player.mrgaocloud.com/player/?url=,,0,,{'User-Agent': 'Mozilla/5.0'},"{'flag': ['qiyi', 'imgo', 'çˆ±å¥‡è‰º', 'å¥‡è‰º', 'qq', 'qqé¢„å‘ŠåŠèŠ±çµ®', 'è…¾è®¯', 'youku', 'ä¼˜é…·', 'pptv', 'PPTV', 'letv', 'ä¹è§†', 'leshi', 'mgtv', 'èŠ’æœ', 'sohu', 'xigua', 'fun', 'é£è¡Œ']}",çº¢ç‹
Web,,3,,,,è§£æèšåˆ
https://jx.hls.one/?url=,,0,,,,HLS
https://jx.xmflv.com/?url=,,0,,,,è™¾ç±³
https://jx.xmflv.cc/?url=,,0,,,,è™¾ç±³2
Demo,,3,,,,ğŸŒèšåˆ
Web,,3,,,,ğŸŒWeb
https://jx.777jiexi.com/player/?url=,,0,,,"{'flag': ['çˆ±å¥‡è‰º', 'å¥‡è‰º', 'qq', 'è…¾è®¯', 'youku', 'ä¼˜é…·', 'pptv', 'PPTV', 'letv', 'ä¹è§†', 'imgo', 'leshi', 'bilibili', 'å“”å“©å“”å“©', 'å“”å“©', 'mgtv', 'èŠ’æœ', 'èŠ’æœ'], 'header': {'User-Agent': 'okhttp/3.12.0'}}",ğŸŒ777
https://jx.jsonplayer.com/player/?url=,,0,,,"{'flag': ['çˆ±å¥‡è‰º', 'å¥‡è‰º', 'qq', 'è…¾è®¯', 'youku', 'ä¼˜é…·', 'pptv', 'PPTV', 'letv', 'ä¹è§†', 'imgo', 'leshi', 'bilibili', 'å“”å“©å“”å“©', 'å“”å“©', 'mgtv', 'èŠ’æœ', 'èŠ’æœ'], 'header': {'User-Agent': 'okhttp/3.12.0'}}",ğŸŒå·¦å²¸
https://jx.yangtu.top/?url=,,0,,,"{'flag': ['çˆ±å¥‡è‰º', 'å¥‡è‰º', 'qq', 'è…¾è®¯', 'youku', 'ä¼˜é…·', 'pptv', 'PPTV', 'letv', 'ä¹è§†', 'imgo', 'leshi', 'bilibili', 'å“”å“©å“”å“©', 'å“”å“©', 'mgtv', 'èŠ’æœ', 'èŠ’æœ'], 'header': {'User-Agent': 'okhttp/3.12.0'}}",ğŸŒyang
https://jx.xmflv.com/?url=,,0,,,"{'flag': ['çˆ±å¥‡è‰º', 'å¥‡è‰º', 'qq', 'è…¾è®¯', 'youku', 'ä¼˜é…·', 'pptv', 'PPTV', 'letv', 'ä¹è§†', 'imgo', 'leshi', 'bilibili', 'å“”å“©å“”å“©', 'å“”å“©', 'mgtv', 'èŠ’æœ', 'èŠ’æœ'], 'header': {'User-Agent': 'okhttp/3.12.0'}}",ğŸŒxmflv
https://jxjson.sc1080.top?url=,,1,,,"{'flag': ['çˆ±å¥‡è‰º', 'å¥‡è‰º', 'qq', 'è…¾è®¯', 'youku', 'ä¼˜é…·', 'pptv', 'PPTV', 'letv', 'ä¹è§†', 'imgo', 'leshi', 'bilibili', 'å“”å“©å“”å“©', 'å“”å“©', 'mgtv', 'èŠ’æœ', 'èŠ’æœ'], 'header': {'User-Agent': 'okhttp/3.12.0'}}",ğŸŒå£¹å£¹
https://110.42.2.247:9090/player/?url=,,1,,,"{'flag': ['seven'], 'header': {'User-Agent': 'okhttp/4.1.0'}}",ğŸŒè´°è´°
http://103..40.246.5:6881/jsonon/?url=,,1,,,"{'flag': ['çˆ±å¥‡è‰º', 'å¥‡è‰º', 'qq', 'è…¾è®¯', 'youku', 'ä¼˜é…·', 'pptv', 'PPTV', 'letv', 'ä¹è§†', 'leshi', 'bilibili', 'å“”å“©å“”å“©', 'å“”å“©', 'mgtv', 'èŠ’æœ', 'èŠ’æœ'], 'header': {'User-Agent': 'okhttp/4.1.0'}}",ğŸŒåå
http://llyh.xn--yi7aa.top/api/?key=fc82dde9869c739e362a0b6fceb2195b&url=,,1,,{'User-Agent': 'Mozilla/5.0'},"{'flag': ['qiyi', 'imgo', 'çˆ±å¥‡è‰º', 'å¥‡è‰º', 'qq', 'è…¾è®¯', 'youku', 'ä¼˜é…·', 'pptv', 'PPTV', 'letv', 'ä¹è§†', 'leshi', 'bilibili', 'å“”å“©å“”å“©', 'å“”å“©', 'mgtv', 'èŠ’æœ', 'sohu', 'xigua', 'fun', 'é£è¡Œ'], 'header': {'User-Agent': 'Mozilla/5.0'}}",ğŸŒæ–¹æ–¹
http://121.62.61.51:6888/api/?key=eIQ9JzXVIzkY3ZSoEZ&url=,,1,,{'User-Agent': 'Mozilla/5.0'},"{'flag': ['qiyi', 'imgo', 'çˆ±å¥‡è‰º', 'å¥‡è‰º', 'qq', 'è…¾è®¯', 'youku', 'ä¼˜é…·', 'pptv', 'PPTV', 'letv', 'ä¹è§†', 'leshi', 'bilibili', 'å“”å“©å“”å“©', 'å“”å“©', 'mgtv', 'èŠ’æœ', 'sohu', 'xigua', 'fun', 'é£è¡Œ'], 'header': {'User-Agent': 'Mozilla/5.0'}}",ğŸŒåœ†åœ†
http://119.91.123.253:2345/Api/yun.php?url=,,1,,{'User-Agent': 'Mozilla/5.0'},"{'flag': ['qiyi', 'imgo', 'çˆ±å¥‡è‰º', 'å¥‡è‰º', 'qq', 'è…¾è®¯', 'youku', 'ä¼˜é…·', 'pptv', 'PPTV', 'letv', 'ä¹è§†', 'leshi', 'bilibili', 'å“”å“©å“”å“©', 'å“”å“©', 'mgtv', 'èŠ’æœ', 'sohu', 'xigua', 'fun', 'é£è¡Œ'], 'header': {'User-Agent': 'Mozilla/5.0'}}",ğŸŒå‘¨å‘¨
html|https://json.bbbzd.cn/api/?key=c7da96d160aa81a738954a525644a171&url=,,1,,{'User-Agent': 'Mozilla/5.0'},"{'flag': ['qiyi', 'imgo', 'çˆ±å¥‡è‰º', 'å¥‡è‰º', 'qq', 'è…¾è®¯', 'youku', 'ä¼˜é…·', 'pptv', 'PPTV', 'letv', 'ä¹è§†', 'leshi', 'bilibili', 'å“”å“©å“”å“©', 'å“”å“©', 'mgtv', 'èŠ’æœ', 'sohu', 'xigua', 'fun', 'é£è¡Œ'], 'header': {'User-Agent': 'Mozilla/5.0'}}",ğŸŒé•¿é•¿
http://111.229.65.161/za.php?url=,,1,,{'User-Agent': 'Mozilla/5.0'},"{'flag': ['qiyi', 'imgo', 'çˆ±å¥‡è‰º', 'å¥‡è‰º', 'qq', 'è…¾è®¯', 'youku', 'ä¼˜é…·', 'pptv', 'PPTV', 'letv', 'ä¹è§†', 'leshi', 'bilibili', 'å“”å“©å“”å“©', 'å“”å“©', 'mgtv', 'èŠ’æœ', 'sohu', 'xigua', 'fun', 'é£è¡Œ'], 'header': {'User-Agent': 'Mozilla/5.0'}}",ğŸŒæ’¸æ’¸
http://122.228.84.103:7777/api/?key=DxOBAHSjK87borWuiD&url=,,1,,{'User-Agent': 'Mozilla/5.0'},"{'flag': ['qiyi', 'imgo', 'çˆ±å¥‡è‰º', 'å¥‡è‰º', 'qq', 'è…¾è®¯', 'youku', 'ä¼˜é…·', 'pptv', 'PPTV', 'letv', 'ä¹è§†', 'leshi', 'bilibili', 'å“”å“©å“”å“©', 'å“”å“©', 'mgtv', 'èŠ’æœ', 'sohu', 'xigua', 'fun', 'é£è¡Œ'], 'header': {'User-Agent': 'Mozilla/5.0'}}",ğŸŒä¸²ä¸²
http://110.42.2.247:880/analysis/json/?uid=2334&my=fhloqstzDIKLMORTZ9&url=,,1,,{'User-Agent': 'Mozilla/5.0'},"{'flag': ['qiyi', 'imgo', 'çˆ±å¥‡è‰º', 'å¥‡è‰º', 'qq', 'è…¾è®¯', 'youku', 'ä¼˜é…·', 'pptv', 'PPTV', 'letv', 'ä¹è§†', 'leshi', 'bilibili', 'å“”å“©å“”å“©', 'å“”å“©', 'mgtv', 'èŠ’æœ', 'sohu', 'xigua', 'fun', 'é£è¡Œ'], 'header': {'User-Agent': 'Mozilla/5.0'}}",ğŸŒéšéš
http://skapp.shijie.chat/sk-api/vod/skjson?url=,,1,,{'User-Agent': 'Mozilla/5.0'},"{'flag': ['qiyi', 'imgo', 'çˆ±å¥‡è‰º', 'å¥‡è‰º', 'qq', 'è…¾è®¯', 'youku', 'ä¼˜é…·', 'pptv', 'PPTV', 'letv', 'ä¹è§†', 'leshi', 'bilibili', 'å“”å“©å“”å“©', 'å“”å“©', 'mgtv', 'èŠ’æœ', 'sohu', 'xigua', 'fun', 'é£è¡Œ'], 'header': {'User-Agent': 'Mozilla/5.0'}}",ğŸŒä¾¿ä¾¿
http://111.229.65.161/za.php?url=,,1,,{'User-Agent': 'Mozilla/5.0'},"{'flag': ['qiyi', 'imgo', 'çˆ±å¥‡è‰º', 'å¥‡è‰º', 'qq', 'è…¾è®¯', 'youku', 'ä¼˜é…·', 'pptv', 'PPTV', 'letv', 'ä¹è§†', 'leshi', 'bilibili', 'å“”å“©å“”å“©', 'å“”å“©', 'mgtv', 'èŠ’æœ', 'sohu', 'xigua', 'fun', 'é£è¡Œ'], 'header': {'User-Agent': 'Mozilla/5.0'}}",ğŸŒè½»è½»
http://124.223.202.12:8080/nby/m3u8/getM3u8?name=jx.91by.top&time=1713476994404&url=,,1,,{'User-Agent': 'Mozilla/5.0'},"{'flag': ['qiyi', 'imgo', 'çˆ±å¥‡è‰º', 'å¥‡è‰º', 'qq', 'è…¾è®¯', 'youku', 'ä¼˜é…·', 'pptv', 'PPTV', 'letv', 'ä¹è§†', 'leshi', 'bilibili', 'å“”å“©å“”å“©', 'å“”å“©', 'mgtv', 'èŠ’æœ', 'sohu', 'xigua', 'fun', 'é£è¡Œ'], 'header': {'User-Agent': 'Mozilla/5.0'}}",ğŸŒæ¾æ¾
https://www.nfzj.fun/bfq/FosiPlayer/?url=,,1,,{'User-Agent': 'Mozilla/5.0'},"{'flag': ['qiyi', 'imgo', 'çˆ±å¥‡è‰º', 'å¥‡è‰º', 'qq', 'è…¾è®¯', 'youku', 'ä¼˜é…·', 'pptv', 'PPTV', 'letv', 'ä¹è§†', 'leshi', 'bilibili', 'å“”å“©å“”å“©', 'å“”å“©', 'mgtv', 'èŠ’æœ', 'sohu', 'xigua', 'fun', 'é£è¡Œ'], 'header': {'User-Agent': 'Mozilla/5.0'}}",ğŸŒæ­£æ­£
https://qp.ho7k.com/m78/jiemi.php?url=,,1,,{'User-Agent': 'Mozilla/5.0'},"{'flag': ['qiyi', 'imgo', 'çˆ±å¥‡è‰º', 'å¥‡è‰º', 'qq', 'è…¾è®¯', 'youku', 'ä¼˜é…·', 'pptv', 'PPTV', 'letv', 'ä¹è§†', 'leshi', 'bilibili', 'å“”å“©å“”å“©', 'å“”å“©', 'mgtv', 'èŠ’æœ', 'sohu', 'xigua', 'fun', 'é£è¡Œ'], 'header': {'User-Agent': 'Mozilla/5.0'}}",ğŸŒè™¾è™¾
http://110.42.7.182:880/api/?key=f2ba0bc726e01d16a454c5fdc80e0e75&url=,,1,,{'User-Agent': 'Mozilla/5.0'},"{'flag': ['qiyi', 'imgo', 'çˆ±å¥‡è‰º', 'å¥‡è‰º', 'qq', 'è…¾è®¯', 'youku', 'ä¼˜é…·', 'pptv', 'PPTV', 'letv', 'ä¹è§†', 'leshi', 'bilibili', 'å“”å“©å“”å“©', 'å“”å“©', 'mgtv', 'èŠ’æœ', 'sohu', 'xigua', 'fun', 'é£è¡Œ'], 'header': {'User-Agent': 'Mozilla/5.0'}}",ğŸŒæ¶©æ¶©
https://api.tyun77.cn/api.php/provide/parseDicturl?url=,,1,,{'User-Agent': 'Mozilla/5.0'},"{'flag': ['çˆ±å¥‡è‰º', 'å¥‡è‰º', 'qq', 'è…¾è®¯', 'youku', 'ä¼˜é…·', 'pptv', 'PPTV', 'letv', 'ä¹è§†', 'imgo', 'leshi', 'bilibili', 'å“”å“©å“”å“©', 'å“”å“©', 'mgtv', 'èŠ’æœ', 'èŠ’æœ'], 'header': {'User-Agent': 'Mozilla/5.0'}}",ğŸŒæŸ’æŸ’
Demo,,3,,,,èšåˆ
http://pan.qiaoji8.com/tvbox/neibu.php?url=,,1,,,,isz
https://jx.xmflv.com/?url=,,0,,,"{'flag': ['çˆ±å¥‡è‰º', 'å¥‡è‰º', 'qq', 'è…¾è®¯', 'youku', 'ä¼˜é…·', 'pptv', 'PPTV', 'letv', 'ä¹è§†', 'leshi', 'bilibili', 'å“”å“©å“”å“©', 'å“”å“©', 'mgtv', 'èŠ’æœ', 'èŠ’æœ'], 'header': {'User-Agent': 'Mozilla/5.0(Linux;Android6.0;Nexus5Build/MRA58N)AppleWebKit/537.36(KHTML,likeGecko)Chrome/118.0.0.0MobileSafari/537.36'}}",YuMi
Web,,3,,,,Webèšåˆ
http://json.84jia.com/home/api?type=ys&uid=335253&key=demprsyzBMQRVY0234&url=,,1,,,"{'flag': ['qq', 'è…¾è®¯', 'qiyi', 'çˆ±å¥‡è‰º', 'å¥‡è‰º', 'youku', 'ä¼˜é…·', 'tucheng', 'sohu', 'æœç‹', 'letv', 'ä¹è§†', 'mgtv', 'èŠ’æœ', 'tnmb', 'seven', 'yzm', 'aliyun', 'RJuMao', 'bilibili', '1905', 'xinvip', 'XAL', 'qiqi', 'XALS', 'YuMi-vip']}",å…¬ä¼—å·ï¼šè‚¥çŒ«å®è´
http://xn--ihqu10cn4c.xn--z7x900a.live/jx.php?id=2&url=,,1,,,"{'flag': ['qq', 'è…¾è®¯', 'qiyi', 'çˆ±å¥‡è‰º', 'å¥‡è‰º', 'youku', 'ä¼˜é…·', 'tucheng', 'sohu', 'æœç‹', 'letv', 'ä¹è§†', 'mgtv', 'èŠ’æœ', 'tnmb', 'seven', 'yzm', 'aliyun', 'RJuMao', 'bilibili', '1905', 'xinvip', 'XAL', 'qiqi', 'XALS', 'YuMi-vip']}",è‚¥çŒ«æœ€å¯çˆ±
http://api.888484.xyz/ç¥ç§˜å“¥å“¥/super.php?v=,,1,,,"{'flag': ['qq', 'è…¾è®¯', 'qiyi', 'çˆ±å¥‡è‰º', 'å¥‡è‰º', 'youku', 'ä¼˜é…·', 'tucheng', 'sohu', 'æœç‹', 'letv', 'ä¹è§†', 'mgtv', 'èŠ’æœ', 'tnmb', 'seven', 'yzm', 'aliyun', 'RJuMao', 'bilibili', '1905', 'xinvip', 'XAL', 'qiqi', 'XALS', 'YuMi-vip']}",ç¥ç§˜çš„å“¥å“¥ä»¬
https://jx.xmflv.com/?url=,,0,,,"{'flag': ['qq', 'è…¾è®¯', 'qiyi', 'çˆ±å¥‡è‰º', 'å¥‡è‰º', 'youku', 'ä¼˜é…·', 'mgtv', 'èŠ’æœ', 'imgo', 'letv', 'ä¹è§†', 'pptv', 'PPTV', 'sohu', 'bilibili', 'å“”å“©å“”å“©', 'å“”å“©'], 'header': {'User-Agent': 'okhttp/4.1.0'}}",å…è´¹åˆ†äº«
https://m.789bh.com/?url=,,0,,,"{'flag': ['qq', 'è…¾è®¯', 'qiyi', 'çˆ±å¥‡è‰º', 'å¥‡è‰º', 'youku', 'ä¼˜é…·', 'mgtv', 'èŠ’æœ', 'imgo', 'letv', 'ä¹è§†', 'pptv', 'PPTV', 'sohu', 'bilibili', 'å“”å“©å“”å“©', 'å“”å“©'], 'header': {'User-Agent': 'okhttp/4.1.0'}}",789
https://6.789bh.com/?url=,,0,,,"{'flag': ['qq', 'è…¾è®¯', 'qiyi', 'çˆ±å¥‡è‰º', 'å¥‡è‰º', 'youku', 'ä¼˜é…·', 'mgtv', 'èŠ’æœ', 'imgo', 'letv', 'ä¹è§†', 'pptv', 'PPTV', 'sohu', 'bilibili', 'å“”å“©å“”å“©', 'å“”å“©'], 'header': {'User-Agent': 'okhttp/4.1.0'}}",VIP
https://api.json.icu/api/?key=b1f3b1a9e1c0a42ae969db10bd315a95&url=,,1,,,"{'flag': ['çˆ±å¥‡è‰º', 'å¥‡è‰º', 'qq', 'è…¾è®¯', 'youku', 'ä¼˜é…·', 'pptv', 'PPTV', 'letv', 'ä¹è§†', 'leshi', 'bilibili', 'å“”å“©å“”å“©', 'å“”å“©', 'mgtv', 'èŠ’æœ', 'èŠ’æœ'], 'header': {'User-Agent': 'okhttp/4.1.0'}}",ç±³é¥­
https://jx.xmflv.com/?url=,,0,,,"{'flag': ['mgtv', 'qiyi', 'imgo', 'çˆ±å¥‡è‰º', 'å¥‡è‰º', 'qq', 'è…¾è®¯', 'youku', 'ä¼˜é…·', 'pptv', 'PPTV', 'letv', 'ä¹è§†', 'leshi', 'bilibili', 'å“”å“©å“”å“©', 'å“”å“©', 'mgtv', 'èŠ’æœ', 'èŠ’æœ'], 'header': {'User-Agent': 'okhttp/3.12.0'}}",ç¨»é¦™
https://jx.xmflv.com/?url=,,0,,,"{'flag': ['çˆ±å¥‡è‰º', 'å¥‡è‰º', 'qq', 'è…¾è®¯', 'youku', 'ä¼˜é…·', 'pptv', 'PPTV', 'letv', 'ä¹è§†', 'leshi', 'bilibili', 'å“”å“©å“”å“©', 'å“”å“©', 'mgtv', 'èŠ’æœ', 'èŠ’æœ'], 'header': {'User-Agent': 'Mozilla/5.0(Linux;Android6.0;Nexus5Build/MRA58N)AppleWebKit/537.36(KHTML,likeGecko)Chrome/118.0.0.0MobileSafari/537.36'}}",YuMi-vipğŸ¥­
http://api.wpsseo.cn/?v=,,0,,{'User-Agent': 'Mozilla/5.0'},"{'flag': ['qiyi', 'imgo', 'çˆ±å¥‡è‰º', 'å¥‡è‰º', 'qq', 'è…¾è®¯', 'youku', 'ä¼˜é…·', 'pptv', 'PPTV', 'letv', 'ä¹è§†', 'leshi', 'bilibili', 'å“”å“©å“”å“©', 'å“”å“©', 'mgtv', 'èŠ’æœ', 'sohu', 'xigua', 'fun', 'é£è¡Œ'], 'header': {'User-Agent': 'Mozilla/5.0'}}",å…¨æ°‘
http://pandown.pro/app/kkdy.php?url=,,1,,,"{'flag': ['qq', 'è…¾è®¯', 'qiyi', 'çˆ±å¥‡è‰º', 'å¥‡è‰º', 'youku', 'ä¼˜é…·', 'sohu', 'æœç‹', 'letv', 'ä¹è§†', 'mgtv', 'èŠ’æœ', 'rx', 'ltnb', 'bilibili', '1905', 'xigua']}",å·§æŠ€
https://api.tyun77.cn/api.php/provide/parseDicturl?url=,,1,,,"{'flag': ['çˆ±å¥‡è‰º', 'å¥‡è‰º', 'qq', 'è…¾è®¯', 'youku', 'ä¼˜é…·', 'pptv', 'PPTV', 'letv', 'ä¹è§†', 'leshi', 'bilibili', 'å“”å“©å“”å“©', 'å“”å“©', 'mgtv', 'èŠ’æœ', 'èŠ’æœ'], 'header': {'User-Agent': 'okhttp/3.12.0'}}",è…¾äº‘
http://175.178.183.192:84/api/?key=f3913eb3f85a8298b3e6e427b8712b2e&url=,,1,,,"{'flag': ['qq', 'mgtv', 'YuMi-vip']}",ä¸–ç•Œ
http://122.228.84.103:7777/api/?key=o9fQb0Jvz0qZzY19Jq&url=,,1,,,"{'flag': ['FYNB', 'mgtv', 'qiyi', 'imgo', 'çˆ±å¥‡è‰º', 'å¥‡è‰º', 'qq', 'è…¾è®¯', 'youku', 'ä¼˜é…·', 'pptv', 'PPTV', 'letv', 'ä¹è§†', 'leshi', 'bilibili', 'å“”å“©å“”å“©', 'å“”å“©', 'mgtv', 'èŠ’æœ'], 'header': {'User-Agent': 'okhttp/4.1.0'}}",é£äº‘
http://xiutan.shiyifacai.com/json/qingfeng.php?url=,,1,,,"{'flag': ['seven'], 'header': {'User-Agent': 'Lavf/58.12.100'}}",äº®äº®
https://vip.yybjs.top/home/api?type=ys&uid=2691400&key=bcmqsvwyzACFIPY368&url=,,1,,,"{'flag': ['JMZN'], 'header': {'User-Agent': 'okhttp/4.1.0'}}",èµèµ
http://122.228.84.103:5829/jx/?url=,,1,,,"{'flag': ['seven'], 'header': {'User-Agent': 'okhttp/4.1.0'}}",å·¦å²¸
https://jx.xmflv.com/?url=,,0,,,"{'flag': ['çˆ±å¥‡è‰º', 'å¥‡è‰º', 'qq', 'è…¾è®¯', 'youku', 'ä¼˜é…·', 'pptv', 'PPTV', 'letv', 'ä¹è§†', 'leshi', 'bilibili', 'å“”å“©å“”å“©', 'å“”å“©', 'mgtv', 'èŠ’æœ'], 'header': {'User-Agent': 'okhttp/5.0.0-alpha.14'}}",YuMi-vip
https://jx.xmflv.com/?url=,,0,,,"{'flag': ['qq', 'è…¾è®¯', 'qiyi', 'çˆ±å¥‡è‰º', 'å¥‡è‰º', 'youku', 'ä¼˜é…·', 'mgtv', 'èŠ’æœ', 'letv', 'ä¹è§†', 'pptv', 'PPTV', 'sohu', 'bilibili', 'å“”å“©å“”å“©', 'å“”å“©']}",xmflv
http://api.888484.xyz/ç¥ç§˜å“¥å“¥/super.php?v=,,1,,,"{'flag': ['qq', 'è…¾è®¯', 'qiyi', 'çˆ±å¥‡è‰º', 'å¥‡è‰º', 'youku', 'ä¼˜é…·', 'tucheng', 'sohu', 'æœç‹', 'letv', 'ä¹è§†', 'mgtv', 'èŠ’æœ', 'tnmb', 'seven', 'yzm', 'aliyun', 'RJuMao', 'bi123ili', '1905', 'xinvip', 'XAL', 'qiqi', 'XALS', 'YuMi-vip']}",ç¥ç§˜çš„å“¥å“¥ä»¬
https://jx.xmflv.com/?url=,,0,,,"{'flag': ['qq', 'è…¾è®¯', 'qiyi', 'çˆ±å¥‡è‰º', 'å¥‡è‰º', 'youku', 'ä¼˜é…·', 'mgtv', 'èŠ’æœ', 'imgo', 'letv', 'ä¹è§†', 'pptv', 'PPTV', 'sohu', 'bi123ili', 'å“”å“©å“”å“©', 'å“”å“©'], 'header': {'User-Agent': 'okhttp/5.0.0-alpha.14'}}",å…è´¹åˆ†äº«
https://yparse.ik9.cc/index.php?url=,,0,,,"{'flag': ['qq', 'è…¾è®¯', 'qiyi', 'çˆ±å¥‡è‰º', 'å¥‡è‰º', 'youku', 'ä¼˜é…·', 'mgtv', 'èŠ’æœ', 'letv', 'ä¹è§†', 'pptv', 'PPTV', 'sohu', 'bilibili', 'å“”å“©å“”å“©', 'å“”å“©'], 'header': {'User-Agent': 'okhttp/4.1.0'}}",äº‘
https://jx.hls.one/?url=,,0,,,"{'flag': ['qq', 'è…¾è®¯', 'qiyi', 'çˆ±å¥‡è‰º', 'å¥‡è‰º', 'youku', 'ä¼˜é…·', 'mgtv', 'èŠ’æœ', 'letv', 'ä¹è§†', 'pptv', 'PPTV', 'sohu', 'bilibili', 'å“”å“©å“”å“©', 'å“”å“©'], 'header': {'User-Agent': 'okhttp/4.1.0'}}",HLS
https://jx.m3u8.tv/jiexi/?url=,,0,,,"{'flag': ['qq', 'è…¾è®¯', 'qiyi', 'çˆ±å¥‡è‰º', 'å¥‡è‰º', 'youku', 'ä¼˜é…·', 'mgtv', 'èŠ’æœ', 'letv', 'ä¹è§†', 'pptv', 'PPTV', 'sohu', 'bilibili', 'å“”å“©å“”å“©', 'å“”å“©'], 'header': {'User-Agent': 'okhttp/4.1.0'}}",m3u8TV
https://jx.77flv.cc/?url=,,0,,,"{'flag': ['qq', 'è…¾è®¯', 'qiyi', 'çˆ±å¥‡è‰º', 'å¥‡è‰º', 'youku', 'ä¼˜é…·', 'mgtv', 'èŠ’æœ', 'letv', 'ä¹è§†', 'pptv', 'PPTV', 'sohu', 'bilibili', 'å“”å“©å“”å“©', 'å“”å“©']}",77
https://jx.xymp4.cc/?url=,,0,,,"{'flag': ['qq', 'è…¾è®¯', 'qiyi', 'çˆ±å¥‡è‰º', 'å¥‡è‰º', 'youku', 'ä¼˜é…·', 'mgtv', 'èŠ’æœ', 'letv', 'ä¹è§†', 'pptv', 'PPTV', 'sohu', 'bilibili', 'å“”å“©å“”å“©', 'å“”å“©']}",å’¸é±¼
http://39.104.230.177:1122/lxjx/myyk.php?url=,,1,,,,qiyi[å®˜æº]
https://jxjson.icu/neibu.php?url=,,1,,,"{'flag': ['qq', 'è…¾è®¯', 'qiyi', 'çˆ±å¥‡è‰º', 'å¥‡è‰º', 'youku', 'ä¼˜é…·', 'sohu', 'æœç‹', 'letv', 'ä¹è§†', 'mgtv', 'èŠ’æœ', 'tnmb', 'seven', 'bilibili', '1905'], 'header': {'User-Agent': 'okhttp/4.9.1'}}",æ¨è
http://43.248.100.147:6068/KEY/XGJ/root/key/70.php?url=,,1,,,"{'flag': ['youku', 'qq', 'qiyi', 'bilibili', 'mgtv', 'pptv', 'xigua', 'NBY', 'ETH-', 'BBA', 'TX', 'MXTV', 'mytv', 'nmys', 'yhdm', 'BNNB', 'letu', 'DJWB', 'DJWX', 'DJWT', 'duanju'], 'header': {'User-Agent': 'Dalvik/2.1.0'}}",è‡»äº«
https://jx.xmflv.com/?url=,,0,,,"{'header': {'user-agent': 'Mozilla/5.0(WindowsNT10.0;Win64;x64)AppleWebKit/537.36(KHTML,likeGecko)Chrome/110.0.0.0Safari/537.36Edg/110.0.1587.57'}}",çº¿è·¯1
https://jx.quankan.app/?url=,,0,,,"{'header': {'user-agent': 'Mozilla/5.0(Linux;Android13;V2049ABuild/TP1A.220624.014;wv)AppleWebKit/537.36(KHTML,likeGecko)Version/4.0Chrome/116.0.0.0MobileSafari/537.36'}}",çº¿è·¯2
https://jx.yparse.com/index.php?url=,,0,,,"{'header': {'user-agent': 'Mozilla/5.0(Linux;Android13;V2049ABuild/TP1A.220624.014;wv)AppleWebKit/537.36(KHTML,likeGecko)Version/4.0Chrome/116.0.0.0MobileSafari/537.36'}}",çº¿è·¯3
https://jx.aidouer.net/?url=,,0,,,"{'header': {'user-agent': 'Mozilla/5.0(Linux;Android13;V2049ABuild/TP1A.220624.014;wv)AppleWebKit/537.36(KHTML,likeGecko)Version/4.0Chrome/116.0.0.0MobileSafari/537.36', 'referer': 'https://jiejie.uk/'}}",çº¿è·¯4
https://www.8090g.cn/?url=,,0,,,,çº¿è·¯5
https://jx.yangtu.top?url=,,0,,,,çº¿è·¯6
https://jx.m3u8.tv/jiexi/?url=,,0,,,,çº¿è·¯7
https://www.ckplayer.vip/jiexi/?url=,,0,,,,çº¿è·¯8
http://8.155.50.80/xiaye.php?url=,,1,,,"{'flag': ['qq', 'è…¾è®¯', 'qiyi', 'çˆ±å¥‡è‰º', 'å¥‡è‰º', 'youku', 'ä¼˜é…·', 'sohu', 'æœç‹', 'letv', 'ä¹è§†', 'mgtv', 'èŠ’æœ', 'tnmb', 'seven', 'bilibili', '1905'], 'header': {'User-Agent': 'okhttp/4.9.1'}}",å¤å¤œ
http://117.50.184.199:94/api.php/?key=1&url=,,1,,,"{'flag': ['qq', 'è…¾è®¯', 'qiyi', 'çˆ±å¥‡è‰º', 'å¥‡è‰º', 'youku', 'ä¼˜é…·', 'sohu', 'æœç‹', 'letv', 'ä¹è§†', 'mgtv', 'èŠ’æœ', 'tnmb', 'seven', 'bilibili', '1905'], 'header': {'User-Agent': 'okhttp/4.9.1'}}",ç¾Šç¾Š
http://8.129.30.117:8117/diaoyu.php?url=,,1,,,"{'flag': ['qq', 'è…¾è®¯', 'qiyi', 'çˆ±å¥‡è‰º', 'å¥‡è‰º', 'youku', 'ä¼˜é…·', 'sohu', 'æœç‹', 'letv', 'ä¹è§†', 'mgtv', 'èŠ’æœ', 'tnmb', 'seven', 'bilibili', '1905'], 'header': {'User-Agent': 'okhttp/4.9.1'}}",é’“é±¼
https://mfjx.iwsyy.xyz/?url=,,1,,,"{'flag': ['qq', 'è…¾è®¯', 'qiyi', 'çˆ±å¥‡è‰º', 'å¥‡è‰º', 'youku', 'ä¼˜é…·', 'sohu', 'æœç‹', 'letv', 'ä¹è§†', 'mgtv', 'èŠ’æœ', 'tnmb', 'seven', 'bilibili', '1905'], 'header': {'User-Agent': 'okhttp/4.9.1'}}",æ— ä¸Š
https://zy.qiaoji8.com/gouzi.php?url=,,1,,,"{'flag': ['qq', 'è…¾è®¯', 'qiyi', 'çˆ±å¥‡è‰º', 'å¥‡è‰º', 'youku', 'ä¼˜é…·', 'sohu', 'æœç‹', 'letv', 'ä¹è§†', 'mgtv', 'èŠ’æœ', 'tnmb', 'seven', 'bilibili', '1905'], 'header': {'User-Agent': 'okhttp/4.9.1'}}",è‡»äº«
http://1.94.221.189:88/algorithm.php?url=,,1,,,"{'flag': ['qq', 'è…¾è®¯', 'qiyi', 'çˆ±å¥‡è‰º', 'å¥‡è‰º', 'youku', 'ä¼˜é…·', 'sohu', 'æœç‹', 'letv', 'ä¹è§†', 'mgtv', 'èŠ’æœ', 'tnmb', 'seven', 'bilibili', '1905'], 'header': {'User-Agent': 'okhttp/4.9.1'}}",ä¼˜é€‰
http://yunhai.qijiyun.vip/home/api?type=ys&uid=177259&key=dijnouxKNOQSTUWXY5&url=,,1,,,"{'flag': ['qq', 'è…¾è®¯', 'qiyi', 'çˆ±å¥‡è‰º', 'å¥‡è‰º', 'youku', 'ä¼˜é…·', 'sohu', 'æœç‹', 'letv', 'ä¹è§†', 'mgtv', 'èŠ’æœ', 'tnmb', 'seven', 'bilibili', '1905'], 'header': {'User-Agent': 'okhttp/4.9.1'}}",è‡³è‡»
http://1.94.221.189:88/algorithm.php?url=,,1,,,"{'flag': ['hgvip'], 'header': {'User-Agent': 'okhttp/4.9.1'}}",æ— åŒ
https://jx.xymp4.cc/?url=,,0,,,"{'header': {'user-agent': 'Mozilla/5.0(X11;Linuxx86_64)AppleWebKit/537.36(KHTML,likeGecko)Chrome/134.0.0.0Safari/537.36Edg/134.0.3124.68'}}",å’¸é±¼
https://jx.xmflv.com/?url=,,0,,,"{'header': {'user-agent': 'Mozilla/5.0(WindowsNT10.0;Win64;x64)AppleWebKit/537.36(KHTML,likeGecko)Chrome/110.0.0.0Safari/537.36Edg/110.0.1587.57'}}",è™¾ç±³
https://jx.yparse.com/index.php?url=,,0,,,"{'header': {'user-agent': 'Mozilla/5.0(Linux;Android13;V2049ABuild/TP1A.220624.014;wv)AppleWebKit/537.36(KHTML,likeGecko)Version/4.0Chrome/116.0.0.0MobileSafari/537.36'}}",æ·˜ç‰‡
https://bd.jx.cn/?url=,,0,,,"{'header': {'user-agent': 'Mozilla/5.0(Linux;Android13;V2049ABuild/TP1A.220624.014;wv)AppleWebKit/537.36(KHTML,likeGecko)Version/4.0Chrome/116.0.0.0MobileSafari/537.36'}}",å†°è±†
https://jx.77flv.cc/?url=,,0,,,"{'header': {'user-agent': 'Mozilla/5.0(Linux;Android13;V2049ABuild/TP1A.220624.014;wv)AppleWebKit/537.36(KHTML,likeGecko)Version/4.0Chrome/116.0.0.0MobileSafari/537.36'}}",ä¸ƒä¸ƒ
https://www.playm3u8.cn/jiexi.php?url=,,0,,,"{'header': {'user-agent': 'Mozilla/5.0(Linux;Android13;V2049ABuild/TP1A.220624.014;wv)AppleWebKit/537.36(KHTML,likeGecko)Version/4.0Chrome/116.0.0.0MobileSafari/537.36'}}",ç›˜å¤
https://yemu.xyz/?url=,,0,,,"{'header': {'user-agent': 'Mozilla/5.0(Linux;Android13;V2049ABuild/TP1A.220624.014;wv)AppleWebKit/537.36(KHTML,likeGecko)Version/4.0Chrome/116.0.0.0MobileSafari/537.36'}}",å¤œå¹•
https://yparse.ik9.cc/index.php?url=,,0,,,"{'flag': ['qq', 'è…¾è®¯', 'qiyi', 'iqiyi', 'çˆ±å¥‡è‰º', 'å¥‡è‰º', 'youku', 'ä¼˜é…·', 'mgtv', 'èŠ’æœ', 'letv', 'ä¹è§†', 'pptv', 'PPTV', 'sohu', 'bilibili', 'å“”å“©å“”å“©', 'å“”å“©'], 'header': {'User-Agent': 'okhttp/4.1.0'}}",çº¿è·¯1
https://jx.yparse.com/index.php?url=,,0,,,"{'flag': ['qq', 'è…¾è®¯', 'qiyi', 'çˆ±å¥‡è‰º', 'å¥‡è‰º', 'youku', 'ä¼˜é…·', 'mgtv', 'èŠ’æœ', 'letv', 'ä¹è§†', 'pptv', 'PPTV', 'sohu', 'bilibili', 'å“”å“©å“”å“©', 'å“”å“©'], 'header': {'User-Agent': 'okhttp/4.1.0'}}",çº¿è·¯2
https://jx.m3u8.tv/jiexi/?url=,,0,,,"{'flag': ['qq', 'è…¾è®¯', 'qiyi', 'çˆ±å¥‡è‰º', 'å¥‡è‰º', 'youku', 'ä¼˜é…·', 'mgtv', 'èŠ’æœ', 'letv', 'ä¹è§†', 'pptv', 'PPTV', 'sohu', 'bilibili', 'å“”å“©å“”å“©', 'å“”å“©'], 'header': {'User-Agent': 'okhttp/4.1.0'}}",çº¿è·¯3
https://jx.xyflv.cc/?url=,,0,,,"{'flag': ['qq', 'è…¾è®¯', 'qiyi', 'çˆ±å¥‡è‰º', 'å¥‡è‰º', 'youku', 'ä¼˜é…·', 'mgtv', 'èŠ’æœ', 'letv', 'ä¹è§†', 'pptv', 'PPTV', 'sohu', 'bilibili', 'å“”å“©å“”å“©', 'å“”å“©']}",çº¿è·¯4
https://jx.xmflv.com/?url=,,0,,,"{'flag': ['qq', 'è…¾è®¯', 'qiyi', 'çˆ±å¥‡è‰º', 'å¥‡è‰º', 'youku', 'ä¼˜é…·', 'mgtv', 'èŠ’æœ', 'letv', 'ä¹è§†', 'pptv', 'PPTV', 'sohu', 'bilibili', 'å“”å“©å“”å“©', 'å“”å“©']}",çº¿è·¯5
https://jx.xyflv.cc/?url=,,0,,,"{'header': {'user-agent': 'Mozilla/5.0(Linux;Android13;V2049ABuild/TP1A.220624.014;wv)AppleWebKit/537.36(KHTML,likeGecko)Version/4.0Chrome/116.0.0.0MobileSafari/537.36', 'referer': 'https://www.xyflv.cc/'}}",çº¿è·¯6
https://jx.aidouer.net/?url=,,0,,,"{'header': {'user-agent': 'Mozilla/5.0(Linux;Android13;V2049ABuild/TP1A.220624.014;wv)AppleWebKit/537.36(KHTML,likeGecko)Version/4.0Chrome/116.0.0.0MobileSafari/537.36', 'referer': 'https://jiejie.uk/'}}",çº¿è·¯7
https://jx.zhanlangbu.com/?url=,,0,,,"{'flag': ['qq', 'è…¾è®¯', 'qiyi', 'çˆ±å¥‡è‰º', 'å¥‡è‰º', 'youku', 'ä¼˜é…·', 'mgtv', 'èŠ’æœ', 'letv', 'ä¹è§†', 'pptv', 'PPTV', 'sohu', 'bilibili', 'å“”å“©å“”å“©', 'å“”å“©'], 'ext': {'header': {'user-agent': 'Mozilla/5.0(Linux;Android13;V2049ABuild/TP1A.220624.014;wv)AppleWebKit/537.36(KHTML,likeGecko)Version/4.0Chrome/116.0.0.0MobileSafari/537.36'}}}",çº¿è·¯8
https://jx.777jiexi.com/player/?url=,,0,,,,çº¿è·¯9
https://www.8090g.cn/?url=,,0,,,,çº¿è·¯10
https://jx.yangtu.top?url=,,0,,,,çº¿è·¯11
https://jx.m3u8.tv/jiexi/?url=,,0,,,,çº¿è·¯12
https://www.ckplayer.vip/jiexi/?url=,,0,,,,çº¿è·¯13
Sequence,,2,,,,è½®è¯¢ä¼˜é€‰
https://jx.xmflv.com/?url=,,0,,,"{'header': {'user-agent': 'Mozilla/5.0(WindowsNT10.0;Win64;x64)AppleWebKit/537.36(KHTML,likeGecko)Chrome/110.0.0.0Safari/537.36Edg/110.0.1587.57'}}",å½±è§†
https://150.138.78.37:4399/api?key=2b879e7ecc09a112c1d9f85c42967aca&url=,,1,,,"{'flag': ['qq', 'è…¾è®¯', 'qiyi', 'çˆ±å¥‡è‰º', 'å¥‡è‰º', 'youku', 'ä¼˜é…·', 'sohu', 'æœç‹', 'letv', 'ä¹è§†', 'mgtv', 'èŠ’æœ', 'tnmb', 'seven', 'bilibili', '1905'], 'header': {'User-Agent': 'okhttp/4.9.1'}}",å½±è§†2
http://122.228.84.103:7777/api/?key=4Dk5tdayvY6NZufEMG&url=,,1,,,,ç‹
http://110.42.7.182:880/api/?key=7e84f07dc78fbb3406d64a1ab7d966b3&url=,,1,,,,äºŒ
http://43.136.176.188:91/api/?key=4ef232e96172b0bda78d393c695fe7c4&url=,,1,,,,å°
http://pan.qiaoji8.com/tvbox/neibu.php?url=,,1,,,,å¸…
https://jx.xymp4.cc/?url=,,0,,,"{'header': {'user-agent': 'Mozilla/5.0(X11;Linuxx86_64)AppleWebKit/537.36(KHTML,likeGecko)Chrome/134.0.0.0Safari/537.36Edg/134.0.3124.68'}}",-å’¸é±¼-
https://jx.xmflv.com/?url=,,0,,,"{'header': {'user-agent': 'Mozilla/5.0(WindowsNT10.0;Win64;x64)AppleWebKit/537.36(KHTML,likeGecko)Chrome/110.0.0.0Safari/537.36Edg/110.0.1587.57'}}",-è™¾ç±³-
https://jx.yparse.com/index.php?url=,,0,,,"{'header': {'user-agent': 'Mozilla/5.0(Linux;Android13;V2049ABuild/TP1A.220624.014;wv)AppleWebKit/537.36(KHTML,likeGecko)Version/4.0Chrome/116.0.0.0MobileSafari/537.36'}}",-æ·˜ç‰‡-
https://bd.jx.cn/?url=,,0,,,"{'header': {'user-agent': 'Mozilla/5.0(Linux;Android13;V2049ABuild/TP1A.220624.014;wv)AppleWebKit/537.36(KHTML,likeGecko)Version/4.0Chrome/116.0.0.0MobileSafari/537.36'}}",-å†°è±†-
https://jx.77flv.cc/?url=,,0,,,"{'header': {'user-agent': 'Mozilla/5.0(Linux;Android13;V2049ABuild/TP1A.220624.014;wv)AppleWebKit/537.36(KHTML,likeGecko)Version/4.0Chrome/116.0.0.0MobileSafari/537.36'}}",-77è§£æ-
https://jx.zui.cm/?url=,,0,,,"{'header': {'user-agent': 'Mozilla/5.0(Linux;Android13;V2049ABuild/TP1A.220624.014;wv)AppleWebKit/537.36(KHTML,likeGecko)Version/4.0Chrome/116.0.0.0MobileSafari/537.36'}}",-zui-
https://www.playm3u8.cn/jiexi.php?url=,,0,,,"{'header': {'user-agent': 'Mozilla/5.0(Linux;Android13;V2049ABuild/TP1A.220624.014;wv)AppleWebKit/537.36(KHTML,likeGecko)Version/4.0Chrome/116.0.0.0MobileSafari/537.36'}}",-ç›˜å¤-
https://yemu.xyz/?url=,,0,,,"{'header': {'user-agent': 'Mozilla/5.0(Linux;Android13;V2049ABuild/TP1A.220624.014;wv)AppleWebKit/537.36(KHTML,likeGecko)Version/4.0Chrome/116.0.0.0MobileSafari/537.36'}}",-å¤œå¹•-
Web,,3,,,,web
Demo,,3,,,,è§£æèšåˆ
Sequence,,2,,,,Jsonè½®è¯¢
https://zy.qiaoji8.com/neibu.php?url=,,1,,,"{'flag': ['qq', 'è…¾è®¯', 'qiyi', 'çˆ±å¥‡è‰º', 'å¥‡è‰º', 'youku', 'ä¼˜é…·', 'sohu', 'æœç‹', 'letv', 'ä¹è§†', 'mgtv', 'èŠ’æœ', 'tnmb', 'seven', 'bilibili'], 'header': {'User-Agent': 'okhttp/4.9.1'}}",å·§æŠ€
https://zy.qiaoji8.com/gouzi.php?url=,,1,,,"{'flag': ['qq', 'è…¾è®¯', 'qiyi', 'çˆ±å¥‡è‰º', 'å¥‡è‰º', 'youku', 'ä¼˜é…·', 'sohu', 'æœç‹', 'letv', 'ä¹è§†', 'mgtv', 'èŠ’æœ', 'tnmb', 'seven', 'bilibili', '1905', 'NetFilx'], 'header': {'User-Agent': 'okhttp/4.9.1'}}",å·§æŠ€äºŒ
https://zy.qiaoji8.com/xiafan.php?url=,,1,,,"{'flag': ['QD4K', 'iyf', 'duanju', 'gzcj', 'GTV', 'GZYS', 'weggz', 'Ace'], 'header': {'User-Agent': 'okhttp/4.9.1'}}",å·§æŠ€ä¸‰
Web,,3,,,,è¶…çº§å—…æ¢
https://www.baipiao-ys.cc/player/?url=,,,,,"{'flag': [], 'header': {'User-Agent': 'okhttp/4.1.0'}}",ç™½å«–è§£æ
http://103.233.255.142:1133/?url=,,1,,,"{'flag': ['NBY'], 'header': {'User-Agent': 'Mozilla/5.0 (Windows NT 10.0; WOW64) AppleWebKit/537.36 (KHTML, like Gecko) Chrome/86.0.4240.198 Safari/537.36'}}",æ°¸ä¹…è§£æ
https://api.qljson.xyz/api/?key=e2df45a25abbdfe95bb28de1e751285f&url=,,1,,,"{'flag': ['qq', 'è…¾è®¯', 'qiyi', 'çˆ±å¥‡è‰º', 'å¥‡è‰º', 'youku', 'ä¼˜é…·', 'sohu', 'æœç‹', 'letv', 'ä¹è§†', 'mgtv', 'èŠ’æœ', 'rx', 'ltnb', 'bilibili', '1905', 'xigua']}",qiyi
https://stray.serv00.net/ky.php?url=,,1,,,{'flag': ['kyB']},kyB
https://json..url88k.cn/api/?format=zl&key=ce252c4a116ff2613202e17e2269c2fb&url=,,1,,,"{'flag': ['qq', 'è…¾è®¯', 'qiyi', 'çˆ±å¥‡è‰º', 'å¥‡è‰º', 'youku', 'ä¼˜é…·', 'sohu', 'æœç‹', 'letv', 'ä¹è§†', 'mgtv', 'èŠ’æœ', 'rx', 'ltnb', 'bilibili', '1905', 'xigua']}",tx
https://mg.zrjx.xyz/?url=,,1,,,"{'flag': ['qq', 'è…¾è®¯', 'qiyi', 'çˆ±å¥‡è‰º', 'å¥‡è‰º', 'youku', 'ä¼˜é…·', 'sohu', 'æœç‹', 'letv', 'ä¹è§†', 'mgtv', 'èŠ’æœ', 'rx', 'ltnb', 'bilibili', '1905', 'xigua']}",yk
http://27.124.4.42:4567/jhjson/ceshi.php?url=,,1,,,,ç®€å•
https://jx.kemi.lol:2087/api/?key=fQ1A2zqeiyaowu0V0U&url=,,1,,,,ç™½å«–ä¸€æœˆ
https://vip.lianfaka.com/vip/?url=,,0,,,"{'flag': ['qq', 'è…¾è®¯', 'qiyi', 'çˆ±å¥‡è‰º', 'å¥‡è‰º', 'youku', 'ä¼˜é…·', 'mgtv', 'èŠ’æœ', 'letv', 'ä¹è§†', 'pptv', 'PPTV', 'sohu', 'bilibili', 'å“”å“©å“”å“©', 'å“”å“©'], 'header': {'User-Agent': 'okhttp/4.1.0'}}",å¤‡ç”¨è§£æ
http://jx.yingshi1.icu/player/analysis.php?v=,,0,,,"{'flag': ['qq', 'è…¾è®¯', 'qiyi', 'çˆ±å¥‡è‰º', 'å¥‡è‰º', 'youku', 'ä¼˜é…·', 'mgtv', 'èŠ’æœ', 'letv', 'ä¹è§†', 'pptv', 'PPTV', 'sohu', 'bilibili', 'å“”å“©å“”å“©', 'å“”å“©'], 'header': {'User-Agent': 'okhttp/4.1.0'}}",å·çš„è§£æ
https://jx.sujie520.cn/api/?key=03b1228232bec4b7f508633dc940eb59&url=,,0,,,"{'flag': ['qq', 'è…¾è®¯', 'qiyi', 'çˆ±å¥‡è‰º', 'å¥‡è‰º', 'youku', 'ä¼˜é…·', 'mgtv', 'èŠ’æœ', 'letv', 'ä¹è§†', 'pptv', 'PPTV', 'sohu', 'bilibili', 'å“”å“©å“”å“©', 'å“”å“©'], 'header': {'User-Agent': 'okhttp/4.1.0'}}",è¶…é€Ÿè§£æ1
http://lflong.lyyytv.cn/json.php?url=,,1,,,"{'flag': ['qq', 'è…¾è®¯', 'qiyi', 'çˆ±å¥‡è‰º', 'å¥‡è‰º', 'youku', 'ä¼˜é…·', 'mgtv', 'èŠ’æœ', 'letv', 'ä¹è§†', 'pptv', 'PPTV', 'sohu', 'bilibili', 'å“”å“©å“”å“©', 'å“”å“©'], 'header': {'User-Agent': 'okhttp/4.1.0'}}",å½±æ¢
http://118.99.2.230:6688/api/?key=vAhZ67qzRdW2czQEo2&url=,,1,,,"{'flag': ['NBY'], 'header': {'User-Agent': 'okhttp/4.1.0'}}",èš‚èš
http://42.157.128.109:2323/CH/zy/Yumi.php?url=,,1,,,"{'flag': ['YuMi-vip'], 'header': {'User-Agent': 'okhttp/4.1.0'}}",ç‰ç±³
https://hd.396pay.cn/api/diy/?key=pFELnzclw6RdhxNlH6&url=,,1,,,"{'flag': ['qq', 'è…¾è®¯', 'ä¼é¹…', 'IQiYi', 'qiyi', 'çˆ±å¥‡è‰º', 'å¥‡è‰º', 'youku', 'YouKu', 'ä¼˜é…·', 'sohu', 'SoHu', 'æœç‹', 'letv', 'LeShi', 'ä¹è§†', 'imgo', 'mgtv', 'MangGuo', 'èŠ’æœ', 'SLYS4k', 'BYGA', 'luanzi', 'AliS', 'dxzy', 'bilibili', 'QEYSS', 'xigua', 'è¥¿ç“œè§†é¢‘', 'è…¾è®¯è§†é¢‘', 'å¥‡è‰ºè§†é¢‘', 'ä¼˜é…·è§†é¢‘', 'èŠ’æœè§†é¢‘', 'ä¹è§†è§†é¢‘'], 'header': {'User-Agent': 'Dart/2.18 (dart:io)'}}",è¶…èšåˆ
https://jxjson.cf/json_balabala.php?url=,,1,,,"{'flag': ['qq', 'è…¾è®¯', 'ä¼é¹…', 'IQiYi', 'qiyi', 'çˆ±å¥‡è‰º', 'å¥‡è‰º', 'youku', 'YouKu', 'ä¼˜é…·', 'sohu', 'SoHu', 'æœç‹', 'letv', 'LeShi', 'ä¹è§†', 'imgo', 'mgtv', 'MangGuo', 'èŠ’æœ', 'SLYS4k', 'BYGA', 'luanzi', 'AliS', 'dxzy', 'bilibili', 'QEYSS', 'xigua', 'è¥¿ç“œè§†é¢‘', 'è…¾è®¯è§†é¢‘', 'å¥‡è‰ºè§†é¢‘', 'ä¼˜é…·è§†é¢‘', 'èŠ’æœè§†é¢‘', 'ä¹è§†è§†é¢‘']}",è¶…è§£æ2
https://jxjson.cf/json.php?url=,,1,,,"{'flag': ['qq', 'è…¾è®¯', 'qiyi', 'çˆ±å¥‡è‰º', 'å¥‡è‰º', 'youku', 'ä¼˜é…·', 'mgtv', 'èŠ’æœ', 'letv', 'ä¹è§†', 'pptv', 'PPTV', 'sohu', 'bilibili', 'å“”å“©å“”å“©', 'å“”å“©'], 'header': {'User-Agent': 'okhttp/4.1.0'}}",é«˜æ¸…è§£æ
https://jx.777jiexi.com/player/?next=https://www.woaimoon.com/vod/98780-9-2.html&url=,,1,,,{'header': {'User-Agent': 'Mozilla/5.0'}},é«˜æ¸…å—…æ¢
https://jx.xyflv.cc/?url=,,0,,,"{'header': {'user-agent': 'Mozilla/5.0 (Linux; Android 13; V2049A Build/TP1A.220624.014; wv) AppleWebKit/537.36 (KHTML, like Gecko) Version/4.0 Chrome/116.0.0.0 Mobile Safari/537.36', 'referer': 'https://www.xyflv.cc/'}}",-å®˜è§£-
http://json.84jia.com/home/api?type=ys&uid=335253&key=demprsyzBMQRVY0234&url=,,1,,,"{'flag': ['qq', 'è…¾è®¯', 'qiyi', 'çˆ±å¥‡è‰º', 'å¥‡è‰º', 'youku', 'ä¼˜é…·', 'tucheng', 'sohu', 'æœç‹', 'letv', 'ä¹è§†', 'mgtv', 'èŠ’æœ', 'tnmb', 'seven', 'yzm', 'aliyun', 'RJuMao', 'bilibili', '1905', 'xinvip', 'XAL', 'qiqi', 'XALS', 'YuMi-vip']}",å®è´
http://xn--ihqu10cn4c.xn--z7x900a.live/jx.php?id=2&url=,,1,,,"{'flag': ['qq', 'è…¾è®¯', 'qiyi', 'çˆ±å¥‡è‰º', 'å¥‡è‰º', 'youku', 'ä¼˜é…·', 'tucheng', 'sohu', 'æœç‹', 'letv', 'ä¹è§†', 'mgtv', 'èŠ’æœ', 'tnmb', 'seven', 'yzm', 'aliyun', 'RJuMao', 'bilibili', '1905', 'xinvip', 'XAL', 'qiqi', 'XALS', 'YuMi-vip']}",è¶…è‚¥
http://xiutan.shiyifacai.com/json/qingfeng.php?url=,,1,,,"{'flag': ['seven'], 'header': {'User-Agent': 'Lavf/58.12.100'}}",å‘è´¢ğŸŒ¾
http://122.228.84.103:7777/api/?key=EauMlPIBC3spoYGaOB&url=,,1,,,"{'flag': ['FYNB', 'NBY', 'qiyi', 'imgo', 'çˆ±å¥‡è‰º', 'å¥‡è‰º', 'qq', 'è…¾è®¯', 'youku', 'ä¼˜é…·', 'pptv', 'PPTV', 'letv', 'ä¹è§†', 'leshi', 'bilibili', 'å“”å“©å“”å“©', 'å“”å“©', 'mgtv', 'èŠ’æœ'], 'header': {'User-Agent': 'okhttp/4.1.0'}}",å‘è¿
http://121.62.61.51:6888/api/?key=qy9VEMeeqwl3nI4gvA&url=,,1,,,"{'flag': ['NBY'], 'header': {'User-Agent': 'okhttp/4.1.0'}}",å‘ç¦
http://122.228.84.103:5829/jx/?url=,,1,,,"{'flag': ['seven'], 'header': {'User-Agent': 'okhttp/4.1.0'}}",å‘ä½“
https://t1.qlplayer.cyou/player/analysis.php?v=,,0,,,,è¥¿ç“œ1
https://t1.qlplayer.cyou/player/?url=,,0,,,,è¥¿ç“œ2
https://ys.zf520.cn/addons/dp/player/index.php?key=0&url=,,0,,,,åˆæ‹1
https://ys.zf520.cn/addons/dp/player/dp.php?key=0&from=&id=&api=&url=,,0,,,,åˆæ‹2
https://api.qljson.xyz/api/?key=d6f721dc584c894f4161e3b942a0727a&url=,,1,,,"{'flag': ['qq', 'è…¾è®¯', 'qiyi', 'çˆ±å¥‡è‰º', 'å¥‡è‰º', 'youku', 'ä¼˜é…·', 'sohu', 'æœç‹', 'letv', 'ä¹è§†', 'mgtv', 'èŠ’æœ', 'rx', 'ltnb', 'bilibili', '1905', 'xigua']}",ä¸“è§£1
https://api.qljson.xyz/api/?key=d6f721dc584c894f4161e3b942a0727a&url=,,1,,,"{'flag': ['qq', 'è…¾è®¯', 'qiyi', 'çˆ±å¥‡è‰º', 'å¥‡è‰º', 'youku', 'ä¼˜é…·', 'sohu', 'æœç‹', 'letv', 'ä¹è§†', 'mgtv', 'èŠ’æœ', 'rx', 'ltnb', 'bilibili', '1905', 'xigua']}",ä¸“è§£2
https://www.yemu.xyz/?url=,,0,,,"{'flag': ['qq', 'è…¾è®¯', 'qiyi', 'iqiyi', 'çˆ±å¥‡è‰º', 'å¥‡è‰º', 'youku', 'ä¼˜é…·', 'mgtv', 'èŠ’æœ', 'letv', 'ä¹è§†', 'pptv', 'PPTV', 'sohu', 'bilibili', 'å“”å“©å“”å“©', 'å“”å“©']}",çº¿è·¯1
https://jx.xmflv.com/?url=,,0,,,"{'header': {'user-agent': 'Mozilla/5.0 (Windows NT 10.0; Win64; x64) AppleWebKit/537.36 (KHTML, like Gecko) Chrome/110.0.0.0 Safari/537.36 Edg/110.0.1587.57'}}",çº¿è·¯2
https://jx.quankan.app/?url=,,0,,,"{'header': {'user-agent': 'Mozilla/5.0 (Linux; Android 13; V2049A Build/TP1A.220624.014; wv) AppleWebKit/537.36 (KHTML, like Gecko) Version/4.0 Chrome/116.0.0.0 Mobile Safari/537.36'}}",çº¿è·¯3
https://jx.yparse.com/index.php?url=,,0,,,"{'header': {'user-agent': 'Mozilla/5.0 (Linux; Android 13; V2049A Build/TP1A.220624.014; wv) AppleWebKit/537.36 (KHTML, like Gecko) Version/4.0 Chrome/116.0.0.0 Mobile Safari/537.36'}}",çº¿è·¯4
https://jx.jsonplayer.com/player/?url=,,0,,,"{'header': {'user-agent': 'Mozilla/5.0 (Linux; Android 13; V2049A Build/TP1A.220624.014; wv) AppleWebKit/537.36 (KHTML, like Gecko) Version/4.0 Chrome/116.0.0.0 Mobile Safari/537.36'}}",çº¿è·¯5
https://jx.xyflv.cc/?url=,,0,,,"{'header': {'user-agent': 'Mozilla/5.0 (Linux; Android 13; V2049A Build/TP1A.220624.014; wv) AppleWebKit/537.36 (KHTML, like Gecko) Version/4.0 Chrome/116.0.0.0 Mobile Safari/537.36', 'referer': 'https://www.xyflv.cc/'}}",çº¿è·¯6
https://jx.aidouer.net/?url=,,0,,,"{'header': {'user-agent': 'Mozilla/5.0 (Linux; Android 13; V2049A Build/TP1A.220624.014; wv) AppleWebKit/537.36 (KHTML, like Gecko) Version/4.0 Chrome/116.0.0.0 Mobile Safari/537.36', 'referer': 'https://jiejie.uk/'}}",çº¿è·¯7
https://jx.zhanlangbu.com/?url=,,0,,,"{'flag': ['qq', 'è…¾è®¯', 'qiyi', 'çˆ±å¥‡è‰º', 'å¥‡è‰º', 'youku', 'ä¼˜é…·', 'mgtv', 'èŠ’æœ', 'letv', 'ä¹è§†', 'pptv', 'PPTV', 'sohu', 'bilibili', 'å“”å“©å“”å“©', 'å“”å“©'], 'ext': {'header': {'user-agent': 'Mozilla/5.0 (Linux; Android 13; V2049A Build/TP1A.220624.014; wv) AppleWebKit/537.36 (KHTML, like Gecko) Version/4.0 Chrome/116.0.0.0 Mobile Safari/537.36'}}}",çº¿è·¯8
